"plot","CP3-012","CP3-014","CP3-2023-01","CP3-998","CP5-002","DryGB2-006","DryGB2-019","DryGB3-996","DryGB3-997","DryGB3-998","DryGB3-999","DryGB4-009","DryGB5-019","GB3-003","GB3-014","GB4-007","GB4-018","GB4-020","GB4-997","GB4-998","GB4-999","GB5-005","GB5-019x","GB6-011","GB6-999","GB7-002","GP3-008","GP3-997","GP3-999","GP4-999","GP5-005","PNWMtn3-008","PNWMtn7-012","RkyMtn4-015","RkyMtn4-017","RkyMtn4-999","RkyMtn5-015","RkyMtn5-017","RkyMtn5-999","RkyMtn6-010","RkyMtn7-999","WYBas2-006","WYBas3-014","WYBas3-999","WYBas4-010","WYBas4-019","WYBas4-999","WYBas5-020","WYBas5-999","WYBas6-007","WYBasX-001"
"CP3-012",91.3435700669993,78.1173298336957,93.0139792279211,101.274886508118,73.5274064421542,102.648840688605,95.152358520807,107.989188294899,89.0191930718785,79.0801554259857,95.2850544442452,89.3881311637189,87.9287632450908,97.0026630897415,73.9289863785947,103.512141074748,95.0351498002453,72.8154103110056,108.574586417658,88.4800004661804,76.5137295024273,85.7118180376567,97.4803140421413,90.7225928726116,99.6366309186542,94.4730206237388,79.2448011450985,105.93529333762,105.022528988277,99.8624870981702,94.6003118516209,90.8703568103519,107.391575543711,82.6608312478787,92.0226564318929,101.623967032782,104.109671624147,101.036328107453,98.5118310957321,106.436077438254,108.910731321545,82.7662605251568,76.39690552779,91.524763047401,97.976179961381,95.4785261166544,87.2816459124965,87.4397912196279,103.045627889036,110.657731713185,86.9686672765261
"CP3-014",115.127587258062,100.518030815364,117.479749841172,124.853691258201,94.1265391552489,126.185571467712,118.963172074091,133.790770704833,113.255733842856,101.243186862896,119.049085144232,113.555462231185,111.882221715205,121.089675684391,94.4832448011715,127.255531216732,119.312054346084,92.4456551966501,133.472524733924,112.691727668226,98.5890114025575,109.384860362571,122.331403730848,115.021896217998,124.894276009237,119.252864152144,100.984418941829,131.390054000483,130.101044350983,124.874000436717,119.197350824359,114.814274649303,132.486006611316,106.137458151746,116.269078259758,126.153861154231,129.453449096586,125.705018329933,123.531915293809,132.391327348243,134.79616589441,106.216220342132,98.6433138379851,115.856795619239,122.85317568327,120.185945596135,111.320993730246,111.623434202436,127.993360553063,135.984243942207,110.503261753244
"CP3-2023-01",97.0177303823726,82.9014932878758,99.9736239846501,107.859735906689,77.2865464895584,109.260791312821,100.929523233183,118.47541249094,95.2619497842891,84.0469801743261,101.205115843075,95.9315299021455,93.1786875297354,103.591275722943,77.5399796734395,110.434512463033,101.596344113183,76.5510704174785,117.66600584926,95.239407601784,81.2346149469313,90.3349482282677,105.164966601929,96.8772446572809,108.640533023825,102.659543954725,84.0051161422422,115.597705982653,113.993103179741,109.152014393344,101.931763171069,96.3243360871229,116.279632833558,87.6190085631417,99.5272247989211,109.300769964437,113.155666363365,108.783738808639,107.155508341002,116.595226857056,119.070365527115,87.7749724712036,81.3067914365345,97.746755290579,106.671224162447,103.446517876618,92.7349298921507,93.2097543628136,111.7278539113,120.432329831111,92.7416500825898
"CP3-998",92.8492634520314,81.0799169106495,94.0684970984864,102.493095038042,77.7344377139422,102.819078509455,95.6771802293419,107.618165250038,89.1028462622029,81.2264813198027,96.3019068463736,89.6459801447085,89.0877106729968,97.4877515642127,77.11709070271,103.867450846167,95.1845139173431,75.9796591839874,108.576369084197,90.6953548578997,79.9611329023237,87.1517898446124,98.6890720828712,92.0197881520995,100.522733852663,95.3041303658996,83.9936132017138,107.783734727443,106.427735010389,102.255743845204,95.9620510767078,91.8856330350872,108.451314311527,84.753174436855,93.7216061997806,102.244388896446,105.495246861885,101.959603089583,99.9289500931992,107.983102891628,110.587862993177,84.8370023230752,80.3472634641369,92.7104684764908,99.3733594568318,96.5190577712451,88.7824020121419,89.0671925768966,103.926784670597,111.77167247728,89.6067121155218
"CP5-002",140.973266103004,118.789723884644,144.533452516801,157.384055930929,109.738379091986,157.833832441147,144.996947800916,171.295005799276,135.860544970782,119.875251149284,146.503932997751,137.405741756446,133.059305763006,149.011984482662,107.372283032377,159.713536579642,145.637732340161,107.174419390443,170.190875025517,138.816187570927,116.152648604737,128.212687231385,152.948550472512,139.900439052605,157.715032674876,148.772171613629,126.785215745976,170.353473979016,167.008646314165,162.495445823036,147.959843957524,138.106902161536,169.473437475643,124.99320168641,146.057454090363,157.962149244323,165.747426575451,157.929995249696,157.327653606995,171.851693926596,175.380980231148,125.231509618588,118.316028271786,141.135712375251,156.71620555786,150.208777334292,133.055266995415,133.904261992295,162.815227716526,176.166191838858,136.325475144686
"DryGB2-006",46.3617696317376,41.421510015024,46.6268235965928,50.5926163982797,40.0916407204104,52.094945392082,48.7304236032545,51.4650190773682,45.5393811904452,41.5986295537803,48.3772010179839,45.308797026829,45.6692036749502,48.8888595068552,40.8145757975898,52.0237805092379,47.8667367445771,39.8438637906675,52.672525992787,44.5940679329141,40.8607200210827,45.5343056335955,48.3116862506689,46.104818181187,48.3699823073391,46.4405782661381,41.0433343129515,50.6339157717576,50.7514685506792,47.8259665541669,47.0189671926762,46.916570338701,52.6568600493078,43.4962800818597,45.6232819799533,50.4462727509608,50.4050969809486,50.0714166823256,48.0059226195339,50.6987839220834,51.9377956342626,43.4623312961906,40.505681881869,46.4705224278443,47.7175053395572,47.0663127338844,45.2052952338275,45.037689760162,50.1469210291815,53.1324579204928,44.2269341910664
"DryGB2-019",54.1496163004846,50.0868089669534,54.3957290461125,57.7783845063214,48.8648786388083,58.8978780252072,56.2388975339769,58.8375789914009,53.5405558455054,50.2743418371833,55.9381297657476,53.3729703701168,53.8408815196427,56.4644755225178,49.7871456606409,59.0390290641326,55.5510256060602,48.5807133564628,59.7180954633063,52.7528697206328,49.6370982699813,53.433157665625,55.8306549328917,54.0473694006354,56.0485406626977,54.399098895948,49.2022218926368,58.0085222907969,58.0154219564493,55.5993208028951,54.7538462811891,54.7734186729491,59.5581152515769,51.8360222885653,53.3801292858066,57.6131239521185,57.7544119292418,57.2664060219357,55.5125889296775,58.1773128898197,59.2014515467624,51.8042729718754,49.2089526936644,54.3545600433479,55.2234228307288,54.7888311615166,53.2816262344943,53.1812258635823,57.4682644277857,60.0788745689926,52.2142303348177
"DryGB3-996",115.27914551003,103.588587007952,117.488511220513,122.338955967042,96.0814491036873,123.983989444077,118.545497775892,129.212311840954,115.211218943523,103.714883839909,118.37310238213,115.296565310637,113.39749092282,119.975156722508,96.782036547443,124.772245426684,118.716788200244,93.7004742805999,129.483558611264,114.57371487602,101.820711410282,111.678824685851,121.287624018854,115.826535718222,122.952103391783,119.106564119153,104.966701163126,127.344995501347,126.557840981814,123.377994415306,118.688538120962,115.514554425731,128.803815837763,109.416337101173,116.792004081963,123.822937728522,126.678517681381,123.668218233319,121.929954353524,128.695595659137,130.806991496863,109.386428748261,102.501659926693,116.392806190393,121.202965114298,119.302065245855,113.167695834634,113.531448325379,125.112301219927,131.303897383243,112.413139498513
"DryGB3-997",115.554274057163,103.117102645215,118.363185006277,124.152030270295,95.7565600064113,127.216455753092,120.67925843218,133.027229628349,116.152531541918,103.533276297086,119.910103004821,115.752499674527,114.313206024323,122.176140890622,97.8657965250355,128.025094715395,120.788888871616,94.6284150591196,133.263070143321,113.647538107662,101.017885738476,112.454617601704,122.762846364215,116.630307244177,124.542599204645,119.49236546175,99.7306070764452,129.20332072489,128.761671711199,123.105541378283,119.474729377952,116.905343296805,132.028868602672,109.095383670106,116.469399533189,126.573823759363,128.922217952566,126.126885745729,123.04294563203,130.913333154481,133.422836190019,109.072103239919,100.733738750918,117.409115793339,122.230191942184,120.293358099353,113.662257003697,113.775201597461,127.606646704449,134.743596171895,110.758387811604
"DryGB3-998",86.261856740425,78.7626072199135,88.5685719415331,92.8230486472681,74.8811074399208,94.8422098539875,89.6360602451583,99.5252355079165,86.6619315565335,79.6441415229143,89.2012305976993,86.7443404135506,85.0354306351514,90.8909911213434,76.214702651973,95.5764466739314,89.8453004489449,74.951002460073,99.8083750919971,85.937127676477,77.8441012199329,83.5666119098379,91.8099946318135,86.9775537376793,93.6666161227936,90.2782886357194,77.488065261121,97.2905097393635,96.7722272759198,93.8669501693039,89.583550731171,86.8695372065083,98.9970698385511,81.6207087307158,87.5831432139582,94.4538127832082,96.8384685400343,94.1395971061479,92.3377064924269,98.5889989678541,100.628411546593,81.6406528413923,77.7706729922206,87.5104351235981,91.6836735236562,90.1624000623015,84.6588270329956,84.9092763707013,95.5331441494255,101.300204347617,83.4771227720723
"DryGB3-999",107.294471616872,96.2316143664281,109.111005821404,114.943215941126,91.630872771138,116.302738689031,110.656710760849,121.919964740027,106.477570065752,96.8637422048643,110.516297099243,106.564567913142,105.284578060355,112.218875304063,92.613892530915,117.066411068854,110.914344687521,90.2942929393162,122.036138294453,105.163298952166,94.7166015492743,103.545313595857,112.699393088648,107.297051543744,114.792857631688,110.479797713985,95.3624105787558,119.493961316288,118.824151811952,113.797526097606,110.313817971003,107.390716049016,120.831240476551,100.869700978608,107.620965638125,116.046889599942,118.224289143606,115.495296313826,113.200653955583,120.201139394907,122.32917463809,100.906778360889,94.2764187354507,107.94324584415,112.579685618869,110.976011627096,104.670078030585,104.883087273931,117.200047093807,123.545363628244,103.373909322807
"DryGB4-009",123.13125544159,109.876137540249,125.363089505247,132.688465608281,103.940452462656,134.048817431751,126.883760293801,140.894959097893,121.550588892528,110.759302262136,127.007960451748,121.866795967362,119.82906022968,128.850806704388,104.489987115481,135.037371068257,127.096924217198,102.858620283863,140.853810920944,121.275765816733,108.250976902967,117.511807519763,130.226990897567,123.084590677564,132.562616942514,127.361226097736,111.266887455731,138.891155951803,137.623426629728,133.403027832682,127.086366442262,122.848235447389,140.031088072914,114.71167555169,124.667547632384,133.759720212546,137.186464475979,133.4482905152,131.442418998502,140.029385129042,142.504917266062,114.762647763867,108.560351163647,123.89141887847,130.794034958995,127.969037724658,119.45634842863,119.763107746064,135.501796433652,143.42289078366,119.168544353195
"DryGB5-019",151.831974466409,131.463406841119,156.585618679872,164.800506193153,120.463049303659,167.026957503205,157.194304139976,181.725265699007,150.931013744542,132.636056458493,157.375073213416,151.430309508025,147.161687961693,160.878187730669,120.030052634991,168.836052194942,158.734114166349,119.2704003371,179.920615105204,149.965708210073,128.504111372957,142.864258108421,163.810209369725,152.790300181887,167.940916642256,159.742543795019,132.341544814166,176.84095193344,174.652178234224,168.339925036881,159.053065747134,151.524799428412,177.845308108871,139.271595056544,155.715852473296,168.550326171647,174.517228274265,168.189481207342,166.201546847019,179.369204895808,182.496237160733,139.454427871447,129.671382996893,153.88438255151,165.403838712075,160.995286350629,146.96713814533,147.632133185558,172.228372755255,183.733069797475,145.964382820918
"GB3-003",87.0784210860845,78.6761365951934,88.8170704722508,93.9305784590691,74.7716626687316,96.1518863746115,90.8979625288522,99.4211597511299,86.7155564813404,79.3682649865562,90.3726681917893,86.6850949700144,85.7710449424143,91.8272484733325,75.939094466466,96.6467068988819,90.4867059500452,74.5339741388037,99.7346542694257,85.8673219595992,77.6183738312705,84.4571025813687,91.9917590163593,87.3701742417468,93.4539354120033,90.024522152636,78.8898442198246,97.1922907975938,96.6508688165783,93.8136490755472,89.6988166308572,87.8351277901244,98.9689869393066,82.0082458919047,88.2696926753668,94.9422624509703,96.5407560594212,94.5288918970747,92.6861890690986,98.1832280722552,99.7902347404739,82.0172821930889,77.7206665008147,87.9749417737847,92.3334239393316,90.4891254535592,85.1734424144191,85.2461300095527,95.7237971022157,100.921025649111,84.0698176847147
"GB3-014",129.615605325721,104.827197611441,131.577367112001,138.873373382992,93.0553990463338,140.506017652076,134.201704258925,145.606346509651,124.661839296086,103.685356658695,134.05025034801,124.856248388411,125.809074694164,135.838413246933,92.4453626326909,141.392101465996,133.810185072134,87.7147168336194,146.357646575069,125.218821172675,101.88013649206,122.242462666631,136.817361527717,129.804899659495,137.830370948927,131.483259758932,110.876555042996,143.69589877206,143.209295759055,136.571136838454,133.193291490881,129.958405305604,145.877544668138,115.618183529455,129.599101911565,140.335764905928,143.057422041799,140.048499355547,136.912036709496,144.798627887653,147.597034735898,115.477183898933,103.815855783055,130.775022474645,135.962371197765,133.703531668506,125.21765221704,125.31697081864,141.563596691636,148.690485581067,123.498037646538
"GB4-007",114.871162826294,103.838665746396,118.051661430227,122.892251090666,97.7616448878161,124.681082821512,118.482129349416,133.150359503511,114.329978078833,104.359158728136,118.336749254182,114.795382597128,112.299657073516,120.47256949133,98.1576670313138,125.761140580497,119.13971957531,96.0261930985814,131.987897784573,114.41343171506,102.228778461882,110.168476999508,122.442780821507,115.48804138848,125.167666911056,120.230894941254,103.587319619326,130.529971123352,129.043203976392,125.954154270495,119.571929385212,114.868520732442,130.859537354855,108.02233029015,117.741851038416,125.21318617341,129.053959553327,125.061716452491,124.199980196262,132.188097808484,133.965714741677,108.129256038675,102.507417627177,116.187649220795,123.759508599608,120.832397325952,112.093730744364,112.586801288732,127.655323407005,134.542269738963,111.680554932923
"GB4-018",86.1649511242457,75.847376593683,89.4586863011944,94.6354639720057,70.5743171858343,97.2299730024255,90.3903815649667,104.776331165135,86.7656858528843,77.5223680843758,89.9542315320166,87.1135936008924,83.8343514515044,92.3120270676499,71.7434804929909,98.0746592684192,90.9637929374996,71.9762023241514,103.939762951518,85.9816763132834,74.5358233076606,81.6787415197918,93.6842541074063,86.9518084019156,96.5933961426248,92.1534067720121,76.5204349818812,101.212406169183,100.065506344896,97.4969700217758,90.8153719626523,86.5275948669922,102.412940932044,79.3563890130863,89.3261835512886,96.8705797467429,100.136860329723,96.4984778402258,95.2741396763159,102.898935304763,104.844591459518,79.4836323947078,75.1008542668496,87.6459495531557,94.8721735945075,92.1908215183037,83.5042729346189,83.8863746403201,98.8468247479981,105.740832168237,82.9157225049916
"GB4-020",196.002783046558,162.209293560757,201.102881472075,209.39047144281,139.767243175755,211.857415974221,202.450639911735,226.372386528953,192.24024107791,161.723983437442,202.688782337769,192.720245379684,189.153075607361,206.495856120039,135.155271075552,213.689131850681,204.00607434603,133.919751899805,225.03331840564,190.964307243252,156.317662010704,182.421738868912,209.175873378355,197.16536602617,211.974840904772,202.057873104476,164.939789594164,220.646418358641,219.638054626486,208.633563445197,203.537995560754,195.831252886342,222.737950965855,176.391467038104,197.911445266851,214.205690993744,219.615427373949,213.986053242198,209.959896710798,222.814269347828,226.851128503233,176.560450487449,160.29363609732,198.615859151225,208.628361370481,205.1050674908,189.169840655456,189.735347764208,217.610921863392,228.458222430284,186.606984254812
"GB4-997",111.223170974249,97.2249699731282,115.056877763851,122.334792587232,89.5824187029045,124.830514166563,115.779931825301,134.96129569429,110.434189835052,98.365024422708,115.826814116937,110.991576106844,107.511156088005,118.55494125586,90.0809055603055,126.19200473671,116.525203744753,89.3106533787533,133.944941753749,111.058272953441,95.4539044037444,104.428370079389,121.101560660726,112.082213556625,124.58717498079,118.440910112758,98.6642736296113,132.17872558072,129.976372772335,127.051318246478,117.053872144345,110.994375948252,132.887328858683,101.864483601369,115.727651421794,124.977208342499,130.169730933681,124.890566736797,123.680341103299,134.531762740817,137.028871696673,102.007405213928,96.1810582304049,112.918421081179,123.222507193073,118.908525976496,107.334172214883,108.001697955269,127.899236262098,137.537895420022,107.247290462467
"GB4-998",130.509523925121,108.289192073695,134.048387919687,140.818798968917,95.1951554986414,143.187068788598,135.647824535929,151.316288909171,126.995214757886,107.105518878127,135.410203388916,127.356006069138,126.538788291428,137.796411591429,94.7891631240801,144.360102259696,135.74438836849,89.5105137240998,150.699731252088,128.920449405517,105.212467154648,122.999590395231,140.292168723807,131.640839245615,142.50564372021,135.94997212263,113.056326118278,148.890032059819,147.399530336722,144.280318740497,136.114405519646,130.948669152156,150.218981737459,118.107771031446,134.411603391497,143.443781475454,148.003830190018,143.405436467634,142.116124699121,151.30324054724,153.55971729898,117.982085891142,107.292943878559,132.610001842435,141.442292879027,137.50268059387,126.303200687121,126.909914800094,145.850640068285,153.930992304324,125.525082154986
"GB4-999",168.098005797987,130.38599177484,172.478330842032,184.142332864679,111.534044805759,186.28994292539,174.610758396662,195.932747823958,157.876798269334,128.898337008587,175.645023880989,159.887603689359,157.543360596008,178.848571500292,106.845424083799,188.028764475425,174.381410213624,104.267249328582,196.77452160006,162.908111798272,126.214994869571,148.809876939218,181.86099961149,168.234870267996,183.243917738049,172.880131720796,142.503356888471,192.343012422933,191.934920140853,180.62940782096,175.62481252977,166.180111521864,195.50497561201,143.094180185988,171.145484375709,187.305842502236,191.598183747804,187.120941007253,182.226545526607,193.531988516475,198.033549636053,143.221410463467,131.203530158057,169.856348449671,180.961159748519,177.305401583144,158.260551654616,159.381097797672,189.882508264605,200.43301086783,159.89747072379
"GB5-005",214.406337700944,174.810543391735,222.615207876167,232.538265989064,151.362170886478,235.760702848812,221.101200790066,258.83839478356,208.3617807673,175.502518581679,222.357339760153,210.821892392127,202.27037678805,228.403707991751,143.886217294078,238.636750666177,224.466428472865,145.733567798971,255.979730219888,209.655783293527,168.716393080171,191.223904092777,232.303374760068,214.912920841889,239.079243944441,225.871053362328,181.183209461691,250.114538825334,248.78221024264,234.688869594011,226.487788795714,211.403837775266,251.650094017564,187.220214848165,218.928078351277,240.19735759732,246.986714273987,239.006242015938,234.627434955264,252.407165001611,257.518429229356,187.995013300672,173.253206195276,216.773157970179,233.300165922953,229.479069485867,203.022446462526,204.4606546889,245.425212503684,260.619972212633,203.882501396959
"GB5-019x",185.670141927079,152.948290498878,190.280376363784,199.136158372847,131.612285845374,203.248265209222,193.513160382788,214.898091032333,180.166438786996,149.943817169947,192.861085433835,180.145183639754,180.598482518903,197.32976162087,128.135990574955,204.964441815183,194.407773064829,122.954824180943,215.731915956803,178.207159621348,147.09181309575,174.637337021622,197.973469722446,186.78996436286,199.617204050334,188.441975986813,150.581034735543,207.961847666126,208.724293555513,192.608356833745,192.246763451552,186.795190904711,212.889304984899,167.347857115988,184.100880133066,204.982514799887,207.887843929709,203.940133558947,196.76295150268,209.654281485532,214.933738568989,167.7628902942,149.023854558369,188.40363435463,195.105062868915,193.316583320458,179.844093390058,179.767686373813,207.355796825361,218.622800817661,173.718117693193
"GB6-011",199.696422064899,160.374063013099,205.150182088421,214.518146659993,134.408401542311,217.678432234632,206.988906007985,231.761698711882,191.7507449783,157.538280879624,207.346429873719,193.209388324972,190.829963481252,211.612453153158,127.087236295949,219.631454823345,207.989863399035,124.585339672791,231.260352692889,193.399603408336,154.259112410708,181.624877056754,213.763836899881,200.397501203718,216.43121634426,205.032123830598,167.579983926782,225.167268878989,225.169963348775,211.423768728177,207.88461867958,199.096680903878,228.615540182531,175.344314072308,200.914351156792,220.251469860863,224.587194768733,219.442306931912,213.890287801981,227.242173276256,232.174578780961,175.829162131735,159.925419733247,202.045210044332,212.334632991499,209.651977976993,191.248828223353,191.532604885104,223.530121861492,234.931775517908,189.058700401475
"GB6-999",245.624531724665,196.816666090207,257.234792168609,268.773486808691,165.986945882742,273.616497591118,254.415291573127,300.127395767537,235.081652105982,196.083606722848,256.213934041924,239.820027800368,230.146251295802,263.689859686439,153.893864757153,277.019987179943,257.635941087531,154.13908950468,296.312831392215,242.923557836667,189.910039620211,216.289162634769,269.324139619916,247.182896708519,277.507801798731,262.005689781191,209.885227994087,290.854149643031,288.197186019241,275.622997604641,261.495503353902,241.808519406931,292.536936369781,211.717509534382,255.026057892406,278.04068250247,287.324566828143,277.265241060088,273.088532160109,294.757093991663,300.121114809939,212.562901879148,197.793797489117,249.444649432016,271.730229854684,266.08400900778,231.518280332372,233.967541115344,284.525190335123,302.697859220451,234.55733564289
"GB7-002",219.803054397214,181.684413403063,230.250230812742,236.280139908056,155.289292399159,242.056700882194,229.636596042433,265.482157209136,216.917848717857,180.930021939527,228.881149426286,218.084496468216,213.921384299212,236.460354848136,148.120485635913,244.72967876985,233.206365629551,146.26311179692,263.086207922684,214.269140449117,174.81973690306,204.656128124717,238.62357501141,222.720874219094,245.71414398794,231.499273556529,178.185990077931,253.614211069549,253.634813453329,236.292303568673,232.081474409512,221.314003013587,257.799701979055,197.70344040037,222.716277753989,246.784505904115,252.80552266632,245.618543040455,239.311048892434,256.927650924281,262.593466278126,198.261740825901,177.269221037678,224.699600514146,237.539160895522,235.262190828491,213.082473285192,213.664836154148,251.611280437666,266.184907159469,206.455356005676
"GP3-008",94.3116513021242,83.9820562168915,95.9892132519124,102.61197043506,79.3511036790702,104.613629508916,98.5359317029536,108.271880403865,93.5893456731547,84.9061866161484,98.1021992451298,93.6237427584309,92.4300712464435,99.6516324720543,80.5243329351629,105.244218610422,98.0764893033682,79.0692989610704,108.924436552759,92.567152201674,82.6906178571285,90.8730983773972,99.8235781340352,94.4281969666362,101.51124504419,97.5140482685161,84.7348290811716,105.950507140442,105.372426907741,101.703709105478,97.2055109798626,94.9046902263691,108.124363456631,87.9365446294765,95.3000703275393,103.362467389378,105.071954958414,102.85189333038,100.501032178519,106.855935190026,108.951369088388,87.9487500756531,82.8497287827011,95.1378016908133,100.020000672275,97.9933151463609,91.7772329455997,91.8719487418479,104.04024674314,110.284285558889,90.7752040661745
"GP3-997",170.50746034356,134.757798822507,175.83150977957,191.635744382396,117.701887412248,193.020981192172,177.507017611635,208.665058127613,162.288375926881,134.997732656182,178.919443806172,164.085237940986,159.987645734061,182.404732902823,114.246104407362,195.389705267546,177.429211453061,112.789804964073,207.076172580831,168.713257640762,130.845388883115,152.583927282113,188.399736841115,170.591806477552,192.497160908196,180.460693142321,149.012938238781,207.784712400866,203.532198554332,199.629145760296,180.607963371268,168.035913482506,207.016732267417,146.701112594212,179.611154504081,193.875130582223,203.602356707348,194.316402359249,193.687831812543,210.874616590601,214.230618414609,146.83129020121,135.488194066207,172.355332343235,193.152934698513,183.78841179974,160.163130372191,161.818363722793,199.721443816769,214.734087954022,164.032960574687
"GP3-999",142.789793310208,115.002860483184,146.460529974479,161.199697115741,102.393344353954,163.750309859978,149.817276193543,174.944200102827,137.830807335422,116.234626520189,150.434188161514,138.648351582055,135.135176502299,153.42554211886,101.440476094215,165.453678183781,149.340673783237,100.552743537715,174.47540829144,139.273707281428,111.463688509981,130.304167256458,156.440076619228,142.355245455889,159.766457151038,149.797756331755,123.934142893666,171.9237694172,169.173673773285,164.079751324864,149.937068614339,141.574809662555,173.375217644479,124.714811644395,148.226582152255,162.535132089364,169.003377654337,162.365731814139,160.216945442087,174.212457693605,177.778940548531,124.787850654239,114.133173833207,143.878380485842,159.719070624608,152.349082435728,134.70056837085,135.361664861766,166.32706596966,179.588547623321,136.186492139655
"GP4-999",135.871181130633,111.268925135798,141.086867905963,155.133416316622,99.6790999227901,157.767669944271,142.765796633104,172.38266513622,131.578109818073,112.205343848629,143.504563841896,132.801369570732,128.160499130389,147.017921685602,98.821232407667,159.93418117851,142.77354034105,97.9729944329127,171.001037803377,134.607357749385,108.19594264736,123.088639246159,151.891568318428,136.217621503215,156.141587232698,145.387607307327,118.428683568623,170.339443201801,166.249815667385,162.782998098063,144.89499875092,134.43657412959,170.591249591504,118.949340706448,144.051131447224,157.584912066339,166.486891555925,157.769208748266,157.062525050684,173.649151292216,177.25232752612,119.142884244999,110.740978475747,137.713681322771,156.613763177604,147.944935100749,128.172224877256,129.179326821914,163.036828069581,178.316729912533,130.404358329777
"GP5-005",168.990094811972,140.78141134133,174.858275250393,185.218360909645,124.342813397903,186.62079456533,173.84780833465,204.620664244704,164.276634946776,141.188180809649,174.964822722835,166.587597499717,160.890507870969,178.644479523367,119.655308438537,188.915405457884,175.337976371879,118.516285012296,201.588733072082,169.722596602938,137.052021839716,154.452974476243,184.113461793581,169.355689986015,189.953846923897,180.64757713155,150.894449127017,202.627970920637,198.257719588677,195.736670280373,178.667650007828,166.570480445743,200.797194103496,150.327495814806,177.115335075948,188.550261913246,197.925290176972,188.607141335585,189.031317989239,205.814128809177,208.540188402209,150.929044021692,140.742322402834,170.646201406274,188.522731944325,181.565164227784,161.114323950525,162.706547293441,194.584118267848,208.687321885972,164.347525886014
"PNWMtn3-008",116.032140298567,98.9161975146174,116.63847748491,122.110769889124,89.7479240077096,123.637917264575,119.857480127919,124.192220302784,112.003796675312,96.420838881275,119.424601604553,111.500398893089,114.56220131216,120.456248898448,90.6503725236597,124.032607028654,119.037999916864,83.0781122384202,125.913944904053,111.63011054635,96.442535844583,113.103872068372,120.12390371406,116.286619289564,119.207793377362,114.95248112918,100.537810039834,123.151975986547,123.382448082616,117.578811349132,117.35886114052,117.335383012643,125.982484120608,107.989701569525,114.630750607594,122.921889293148,123.392736082965,122.578630318491,119.214684965518,123.754343949486,125.782359713616,107.742018532356,97.0759290112755,116.961295595873,118.517268512181,117.344675152593,113.938550399802,113.536636179126,122.67902043,127.10727244607,110.959585221618
"PNWMtn7-012",201.170990689693,151.605440731952,203.864110371362,222.003674692668,128.474441119266,227.466091395014,213.172266032101,230.665508887942,180.959341500774,145.720284644443,212.918277863242,184.127404853064,189.901351198876,217.186862545376,119.647297253853,229.003193762452,210.36280476792,111.046530452379,236.911599210625,186.974962163145,145.366501280902,179.994158984065,215.035799435164,200.654367751913,214.354984322281,199.436057702927,160.658609549679,224.160580491105,226.785067521139,203.659273013301,206.380333127515,201.490218130921,235.04379840281,170.166713124118,195.654344902112,225.814107985477,225.617631791758,224.498376180662,210.747716852037,224.647909629528,232.511785435601,170.180601708506,150.845333868399,203.181635407152,208.349464541292,206.363625965385,189.572382267012,189.519874867267,224.412661418817,239.044927369436,185.20112674557
"RkyMtn4-015",168.378883514667,133.963112759865,172.396852234305,185.613522206443,115.694158517634,187.846091414056,175.905746198464,197.012042873926,155.357390277376,129.480848003877,176.425174126353,156.824545167592,159.549483929046,179.08970795634,111.355520954712,189.625499485875,173.95574127082,102.365996816697,197.230116964089,165.306608700457,130.081829880486,153.67913765122,183.376188803009,168.953063824577,184.746826482924,173.514507006318,144.805452565217,197.659604836758,194.588922152177,189.812859563515,176.335005515091,167.459437931582,198.715795113991,146.948292944492,174.874869752644,187.971568116957,195.195397695581,188.444906590602,186.661951765277,200.617588623505,203.675133744324,146.765950238686,134.003363723123,170.642832453562,185.93139583658,178.445695503519,159.57848742249,161.020648585069,191.935469075374,204.109081325305,160.997889974464
"RkyMtn4-017",165.871902637918,127.939655487023,169.610473187636,184.156071745973,108.651167864018,186.629737140961,174.183291777689,194.968144951716,151.754939721392,122.232331867685,174.596130776897,153.364590372055,157.262969952372,177.429601316036,104.88830422231,188.379821185913,171.626578378647,95.6097716767266,195.603649767326,161.635402963857,123.494245423862,151.138815558672,181.354153003168,166.444542789144,182.13735922766,170.040110026257,139.932274992794,195.226742900906,192.77362810943,185.726645079505,173.634749929334,165.325251109404,196.939859692914,143.179472242927,171.222094981174,186.46815876494,193.244220858399,186.836687261074,183.874311773387,197.944743825811,201.581572008168,142.95540507367,128.087812598418,168.19056898171,182.916575159237,175.703591877574,157.221510720851,158.325913987618,190.068080353461,202.272246663341,157.57247572307
"RkyMtn4-999",194.745851603593,144.356602689427,202.681541618414,219.776574031738,120.101901022582,221.42662104262,202.665484433167,245.397911677169,178.859673010646,141.936175648082,205.351887971762,183.099102567545,176.838138017726,210.63272597745,111.397651643584,225.185427260423,203.70203213491,110.668490423218,243.626395935675,189.851674552051,138.87219390474,163.47038232658,218.568745215584,194.896366315694,223.211488974107,205.780108599138,162.525765536241,241.791447581181,238.346142522892,225.461932448658,208.613762129044,189.898292202286,242.406885608845,158.799545553578,203.9198139568,226.212853646498,237.914545119976,226.612203711769,223.128190053848,244.974534448842,251.322404171539,159.301000337928,146.634176482775,197.256619038081,221.764483064164,212.524437204698,179.004834843637,181.256261122705,234.153608195334,253.631769994281,184.533241024658
"RkyMtn5-015",184.188762350224,141.843991454511,188.360510388194,206.370400636919,120.061461596517,208.825186538695,193.379171069646,219.120505491254,166.787658313412,135.651355344619,194.244769126965,169.207938685565,173.028006186486,197.412548835086,114.45661555132,210.892749652457,190.246088451961,104.919118337548,219.759531984045,180.6349830336,136.978789096338,165.772089239421,202.836628794753,184.157190447939,204.18618918645,189.980958864852,157.597958678668,219.721003328739,216.519634447192,209.699662462748,194.128441580163,182.4295477995,220.972397180548,157.385378243344,191.917027130297,208.732905852369,216.773469881067,209.212437585833,206.415250860422,221.915896237019,226.366917266539,157.375908832412,142.199636297356,186.325671384948,205.688708061057,196.698587838519,172.810631976158,174.460885501807,213.935286353331,227.720996707043,175.531663022538
"RkyMtn5-017",162.263795402065,132.460913764551,164.726506730157,180.870409112201,119.603445142287,182.077816458401,167.908632748458,190.109871739316,149.987922467224,129.578069485623,169.293608484776,151.792163023477,153.0995169705,171.467734758774,115.299023375899,183.661851886685,165.943794336192,109.699232838393,191.106642242748,158.134864979181,128.89875099663,147.911257122069,175.419855646132,160.890013124719,177.64657758495,166.322756689917,143.660112247081,193.27231154726,189.806558435376,184.128210534441,169.002149593263,159.710481347006,193.21724046964,142.67058225441,166.926346053373,181.248043998188,188.889614860805,181.160314818825,179.205511003506,195.175793264764,198.537363356467,142.770575408925,131.596741561956,162.360446972616,178.663195583113,170.909596086845,153.057341871124,153.980132431246,185.415891373112,199.721339343859,156.077813521329
"RkyMtn5-999",149.248942445735,117.545339285621,152.688393126708,164.461611821044,101.637168559794,166.521176812229,156.055029041444,174.128636016638,138.222259119446,113.234750340684,156.150380232088,139.138005324414,142.524413268341,158.418201153456,100.448153266516,168.042763095821,154.47276325417,90.9951109865076,174.48926000071,146.8909684041,114.019797800278,137.927067424132,162.517126133227,150.099967919392,163.898299428201,154.160970504532,127.637566489772,175.918185780483,172.647879212096,170.289480646786,156.252432982588,149.186237707484,176.430091289907,130.717306881705,155.148220855783,166.230973367211,173.376869615764,166.718263386644,165.7857341864,178.975721712918,181.570619660305,130.401387351698,117.216749790698,151.573095912856,165.177516108293,157.94406919958,142.305520207316,143.275250047348,169.862501360376,181.463702670394,142.668095371793
"RkyMtn6-010",203.410328635864,143.146006054968,210.18799990962,238.191870534576,121.191962303877,241.845719970199,215.409710241662,256.746254088028,173.831414680466,137.034298718993,218.160909945177,179.128592278013,183.573004527005,222.943717604938,113.553260248723,245.219829754089,211.078668262073,104.946211501045,257.943439580417,197.372461821458,137.877682084948,171.562484401346,230.737155908225,201.968404602855,234.510381581083,213.283417128376,169.179492009775,256.526312252389,252.944109000704,240.498277077782,218.516586926039,198.418858031751,259.699409801547,161.113611130939,215.732374168192,241.47816410659,252.060894058556,241.414813972487,236.585743933482,259.573178953527,265.876448967466,161.189776599452,144.178493175301,205.113998307828,235.515581097989,223.609366391338,183.856922011104,186.936624420539,247.889578470977,269.464345717056,191.74802167127
"RkyMtn7-999",213.521208294985,158.222740264034,217.785122438455,240.977971881056,136.001105878734,242.424638096408,222.105544685369,259.643850016135,189.552574480473,154.243383623261,225.094028853431,194.438905977639,195.676089068141,229.965181110216,124.709008537292,245.382903828392,221.083440563823,118.671810460791,261.284342848011,200.678364213533,152.111829102657,183.800182783446,232.051430105492,210.225610366516,237.598792749454,218.494413258473,175.824730557916,254.871636020096,253.230394123325,232.967596808829,222.530945176956,207.998624504783,258.751740786373,175.576049568095,213.533787225547,243.294369377093,250.370543335031,242.495302591596,233.488708395149,255.003174629535,262.952035696664,175.718547922788,157.94257491778,212.904037773871,231.638859881813,224.823551836839,195.764792431923,197.174074489199,247.354400273725,268.092541286307,199.288128173103
"WYBas2-006",43.8691425450035,35.9505859695865,44.5051034068042,50.7230450809248,33.3827499408369,52.8310906576237,47.6747874815522,52.8548306361377,42.315358445566,36.241147392662,47.0744910481455,42.1488508475943,42.6530594118752,48.0965004354279,34.214585979144,53.1332175663838,46.4800627844572,33.0528370405171,54.6208080850566,41.5524988042834,35.0573245742468,41.739429018416,47.4631730930569,43.6980084086016,47.9722620802829,44.7220958836004,35.9538734640254,51.6753727131105,51.5801552173306,47.8543497682057,45.268913461209,44.639389625127,54.3898465864076,39.1217276088328,43.5167077363838,50.7962508942518,51.2823547683647,50.2528475006602,47.4611713465828,52.1666045043961,54.0680697382627,39.0846398024821,34.9444951009671,44.2874433931685,47.0604771767275,45.6168804760597,42.0348220903355,41.8782026195665,50.5941730130732,55.6695167903003,40.55549573755
"WYBas3-014",77.0346863645908,65.9433128772482,79.1172606898497,86.1660472313345,61.1657572668885,88.9334018679892,81.6514494664706,92.560365141325,75.6465488997715,66.5299925838435,81.2008401332892,75.7599612340631,74.7904006805677,82.9645386187561,62.3786535874822,89.5965693372431,81.0353388874658,61.1189067955717,93.2873708166317,75.3416622983279,64.5959256980931,73.0227057132755,83.5918686345281,77.3524602403898,85.1592393468782,80.3935640168897,66.7060611781626,90.4233222619495,89.5868445921481,86.2046963731493,80.4401439791799,77.6092551395305,92.7752595520865,70.072360835519,78.7787397558551,87.258498733709,89.6043677522566,86.8829391137458,84.6526623659474,91.7767004580714,94.044118587695,70.1084379330296,64.9038114289802,78.1049155888909,84.2220793603431,81.4337428504048,74.2674344801222,74.3593224407303,88.3735618247513,95.4903019744844,73.1987377959666
"WYBas3-999",74.8387704884024,63.1821108437548,76.6685626607304,83.9556616131127,58.1122553003788,86.0499939934982,78.9219351574753,90.0601831175594,72.8501610454906,63.5506812050545,78.7263869091255,73.0718684598896,72.2807016915295,80.3727335049344,58.8155021781247,86.8039358667832,78.4323620287131,57.0200604286842,90.7632412324569,72.8907544597195,61.6924368474124,70.4283433253998,81.1060535501636,74.8669902389053,82.6962310499513,77.9545476223561,64.3897055676151,88.4577687477266,87.5113727243836,83.7714110359134,78.0789857172229,74.967793189162,90.3700859640355,67.5741302084179,76.2982373426679,84.7849629313117,87.0654221970455,84.4064053615246,82.2332058957657,89.5620275747711,91.6905459170122,67.611119979646,62.0656676888872,75.5861955265471,81.7456324536208,78.9753167181035,71.7928271138137,71.8898843566176,85.9861002241063,93.2734480547279,71.1073663895433
"WYBas4-010",139.129481670394,115.592424847479,142.995598304794,152.75052086913,103.13585692546,155.712964353277,145.371632367503,164.462515972543,133.922802287869,114.792205136117,145.246217919741,135.08449720766,133.428127319334,147.9674621327,101.932490793774,157.17458407582,144.849751466577,97.6530817654297,164.575697911231,137.084914937397,112.712440543015,129.105882883931,150.762968558683,139.755841712259,153.269065085786,145.220334148338,122.424159247797,162.493238417654,160.594715406245,156.336147026339,145.600590837325,139.071464109262,164.234930200435,124.320165061416,143.738231475237,155.26202951123,160.737665250635,155.2093353711,153.277289548473,165.086391625629,167.84628896561,124.326192576776,115.237473285124,140.964923134653,152.593461244231,147.570365402,133.208141021745,133.833849793272,158.39169297043,169.284901285393,133.811794418044
"WYBas4-019",135.304283701571,110.319893059399,137.494429644087,146.328977743304,99.123535638464,148.18471688947,140.973136269398,153.227469483954,129.397866740084,109.755736957008,140.798855865679,129.745888126234,130.305520119613,142.575278769368,99.1006635243975,149.032398716023,139.984414352682,94.6660588254697,153.604146354257,130.99084924369,107.403990609057,126.775796972437,143.588888925463,135.210623531997,144.780035513539,137.990258172413,116.11331443349,150.982067127331,150.373454051596,144.538072640829,139.435347827347,135.461077095147,153.158757237003,120.615023214195,136.761297104869,147.517341616839,150.283925147717,147.229486138496,144.426289859705,152.189693639931,154.776060712658,120.459607906687,108.950551012858,136.408717444757,143.747894334109,140.468066159782,129.592837792742,129.988135047267,148.864136290317,155.936837707432,128.763023222062
"WYBas4-999",68.2204848956069,55.1620246184953,69.6405132693838,79.6333606426557,51.4134860176924,80.0273148846728,71.3447411918096,85.4360673619436,63.8144041871465,55.4353098653097,72.1080726434289,64.6353737426422,63.4560297209844,73.4279813900733,50.5259731593713,81.1557532209824,70.7884453658538,49.7180046435211,86.3789044311551,65.9156933253604,53.8506474743758,61.0111672594857,75.2788620390465,67.2079030784937,77.2681271931069,71.3162408713263,58.8359242532666,86.1284583074267,84.1365407576531,80.2131180757536,71.8274192450639,66.7051090800395,86.6137319071185,58.69454644502,69.8443071386495,79.1218965113136,83.3994689035623,78.9342886951132,77.182608530306,86.8512017716779,89.4773792157802,58.809987220825,54.5180266335733,68.0119767136242,76.5132497388573,72.7860388207377,63.22736213477,63.6317406032314,81.4084418311971,90.77601420378,64.8166691471522
"WYBas5-020",140.324789745984,118.941019381378,143.757243310202,154.094758737723,106.678904345711,155.146805611518,144.608791138636,165.951579358323,135.131411527015,118.215862501902,145.543543023006,136.504551981373,134.033645086924,147.947090459537,102.955661880263,156.872782311823,144.617745491275,99.4215508322952,165.188021981321,139.177508605957,116.0967999294,129.812065618396,151.858238854263,140.297062694235,154.811199983969,146.830871300544,126.367857762409,165.703199458542,162.712921077405,159.29756570156,146.828090464841,138.736283081126,165.638972298676,126.379588623592,145.356278900604,155.655118909587,162.616528917969,155.857162919535,155.050496219674,167.97000589123,170.782528710668,126.504648057558,118.654555491847,141.368326990463,154.423459026476,148.65462332777,134.13127902772,135.062112268404,159.750718015871,171.252648954698,136.137598859317
"WYBas5-999",192.192291737724,143.406122835196,198.743375755904,217.098835752074,121.47768373973,218.481360744666,199.786656978383,233.941438171109,176.198586343997,141.707960403167,202.713178618179,179.969786456769,175.874100860946,206.953268815283,114.201745907909,221.100059482049,199.389827707808,111.834683590711,232.995089557531,189.466451531417,138.358762311162,164.892227930943,213.714248572957,191.559130066393,217.207384040659,203.284657866096,165.116967664456,230.670155691277,228.435614186401,219.296556286869,204.9433188417,186.768396291465,232.213398353305,158.256610369956,202.583845238677,220.144854543619,228.3108826575,220.403914582525,217.678421296855,232.671917581648,237.426362636355,158.581774709226,145.297779093349,193.845331820939,216.751889491363,208.461511291504,176.803536719179,179.611089340119,225.776264171336,239.791501915806,184.059440986548
"WYBas6-007",218.129019255562,154.689606401065,228.803516256732,255.518562706525,129.710493001565,254.68995162767,226.189037881672,283.255724553579,192.551312859785,151.788939142849,231.699913806899,199.74572464486,192.906746634451,237.693497282741,118.982886071048,259.842881986151,226.564693826927,116.509289052191,280.331329786774,217.578165514048,149.183711856051,177.080885895607,251.652001976597,216.983903822536,258.981117804763,237.292675652146,188.23974337791,279.005335528948,275.702508877778,263.998472316799,238.98138568465,208.199675288925,280.469142614822,170.907061330702,238.573133013311,260.184290584648,275.161578379704,261.291502977689,260.75116981706,281.361409255441,288.475754775178,171.459189468602,158.501342963416,220.133086360883,260.336390058707,245.801111006546,195.002340921995,199.970497082933,271.619250034644,292.804813165133,209.989608192765
"WYBasX-001",122.703691411784,100.560157734888,124.602696422599,139.383003574474,93.9227189677254,139.401768195784,126.880286365959,148.82461157369,115.124129982559,100.513928780132,128.27934727323,116.743492444831,114.676225475641,130.160965035695,91.3160315992618,141.175525786111,126.044380257385,89.6694327385004,149.212291695701,119.002230908929,98.0881243042509,110.874862285571,133.272588105969,120.779038010806,136.434274575471,127.544400179846,109.330697271136,149.825328213348,146.627032398174,141.717334823058,128.150728351948,119.758315321956,149.572970403748,106.736094875,126.189009998695,138.598883837864,145.240549971511,138.497410036862,136.855004614958,150.710719983878,154.094386440146,107.005333835312,99.8978782028897,122.007598984513,136.24794014209,129.753895732109,114.377774274977,115.037288745933,142.365484451455,155.509131026211,117.791852220756
