"plot","latitude","longitude","elevation","date","augerdepth","aspect","percentslope","slopeshape","t1_azimuth","t2_azimuth","t3_azimuth","dominantshrub","averagedistance","avg_PET","avg_trans_0_30cm","avg_trans_30_200cm","avg_trans_0_200cm","prop_shallow","sand","clay","map","mat","Jan_ppt","Feb_ppt","Mar_ppt","Apr_ppt","May_ppt","Jun_ppt","Jul_ppt","Aug_ppt","Sep_ppt","Oct_ppt","Nov_ppt","Dec_ppt","Jan_tavg","Feb_tavg","Mar_tavg","Apr_tavg","May_tavg","Jun_tavg","Jul_tavg","Aug_tavg","Sep_tavg","Oct_tavg","Nov_tavg","Dec_tavg"
"CP3-012",40.016221,-110.173455,1889.658081,20210709,17,18,4,"LV",0,120,240,"ARNO4",73.3529411764706,1355.9826058152,43.7215946667706,47.6219754002287,91.3435700669993,0.478649943665453,0.54004,0.25744,283.536666666667,8.34064976318484,20.1566666666667,19.4773333333333,17.5703333333333,24.0066666666667,31.4773333333333,16.3286666666667,15.8003333333333,25.6336666666667,39.4186666666667,34.317,18.9943333333333,20.3556666666667,-5.53943548387097,-2.37335714285714,3.77727419354839,7.76417777777778,12.9780107526882,18.4190666666667,22.2698279569892,20.9625268817204,16.0629388888889,8.94828494623656,1.54643333333333,-4.72795161290323
"CP3-014",38.4441896528364,-114.08477934088,1839.01733393486,20220516,30,244,2,"LV",0,120,240,"ARARA",92.296875,1420.07335507535,44.4265052466993,56.091525568665,100.518030815364,0.441975483267313,0.673432020943821,0.187048059258577,301.752,9.87267502560164,26.16,33.9213333333333,33.6956666666667,26.5093333333333,26.4733333333333,14.2156666666667,20.7796666666667,24.573,22.7663333333333,31.8803333333333,15.9296666666667,24.8476666666667,-0.74,0.936047619047619,4.84727956989247,7.98010555555556,12.8737204301075,18.5552833333333,22.6685537634409,21.7226182795699,16.9516777777778,10.1325698924731,3.6924,-1.14815591397849
"CP3-2023-01",38.3600614127129,-114.114881605016,1864.96875,20230610,40,316,3,"LL",0,120,240,"ARTRW8",90.7833333333333,1401.93309516735,52.8561757179193,47.1174482667308,99.9736239846501,0.528701207490836,0.575921157101913,0.270754889022196,309.065,9.77108038701144,25.9776666666667,36.93,32.685,26.4243333333333,24.4183333333333,12.9973333333333,21.482,26.3956666666667,23.4046666666667,33.402,15.8163333333333,29.1316666666667,-0.708682795698925,0.909714285714286,4.73043548387097,7.83391111111111,12.7185430107527,18.3781277777778,22.4695376344086,21.5351559139785,16.8185055555556,10.0436021505376,3.65221666666667,-1.12810215053763
"CP3-998",38.3534384100124,-111.626489516452,2180.61685766034,20220615,22,3,7,"LC",0,120,240,"ARTRW8",85.2666666666667,1375.68105319044,59.1516957820621,43.3413992559797,102.493095038042,0.577128593493123,0.58808,0.179306666666667,294.729,7.98493459314729,21.3533333333333,20.955,25.901,24.465,23.6133333333333,11.522,33.462,36.2463333333333,28.4543333333333,30.143,19.2453333333333,19.3683333333333,-2.71610215053763,-0.850267857142857,3.21495161290323,6.42048888888889,11.3490806451613,16.8956222222222,20.2306612903226,19.054252688172,14.7191555555556,8.35112365591398,1.98153888888889,-2.83129032258064
"CP5-002",38.121028,-108.712285,1947.6521,20210712,50,286,4,"VV",0,120,240,"ARTRW8",105.433333333333,1320.99397378893,51.3680848807512,58.3702942112353,109.738379091986,0.468095895946237,0.449413333333333,0.26056,390.419,9.59326724803721,32.7376666666667,32.377,31.03,28.9703333333333,29.2986666666667,13.8076666666667,34.8006666666667,40.9493333333333,44.146,40.6176666666667,30.146,31.538,-2.09893548387097,0.286386904761905,4.71079032258065,8.21707777777778,13.4044677419355,19.1054722222222,22.2972634408602,21.1086451612903,16.7134888888889,9.98542473118279,3.35105,-1.9619247311828
"DryGB2-006",38.1449716771377,-116.863076817353,1880.79141023257,20220518,30,74,5,"LV",0,120,240,"ARNO4",89.1470588235294,1459.46196189969,25.6196487831692,26.4752966089127,52.094945392082,0.491787611837351,0.532920082650137,0.264480437245884,153.890333333333,9.95872580111794,14.5493333333333,18.6656666666667,18.3953333333333,12.175,15.7113333333333,7.08933333333333,14.2773333333333,8.77666666666667,12.091,11.931,9.86833333333333,10.36,-0.255548387096774,1.38735119047619,5.00717741935484,8.12051666666667,12.9887688172043,18.4452555555556,22.3822634408602,21.4599677419355,16.9294333333333,10.3272634408602,3.71707222222222,-1.00481182795699
"DryGB2-019",38.4501189692304,-117.876598443946,1839.46459960938,20220518,50,20,4,"LV",0,120,240,"ARTRW8",106.816666666667,1435.81682668406,26.6356786731358,29.6032188608411,56.2388975339769,0.473616657528604,0.629812565640411,0.175443038784486,156.745,9.65680693057689,20.0106666666667,16.3363333333333,17.1253333333333,15.1723333333333,20.7386666666667,9.476,10.0256666666667,6.17266666666667,6.67266666666667,12.1456666666667,10.423,12.446,-0.124580645161291,1.40452976190476,4.74193548387097,7.65496111111111,12.4364462365591,17.6944222222222,21.8167096774194,20.8390430107527,16.3137555555556,10.0085107526882,3.82328333333333,-0.727333333333333
"DryGB3-996",47.3530019727045,-118.727828068769,529.405390106212,20220602,48,224,7,"LV",0,120,240,"ARTRT",156.066666666667,1089.6138550321,66.7843714665507,62.427940374403,129.212311840954,0.516857647038736,0.326008542291542,0.149739972005599,282.102333333333,9.62279766705069,37.38,24.7743333333333,28.71,22.0353333333333,25.945,19.3003333333333,9.169,5.51966666666667,8.95366666666667,23.537,34.666,42.112,-1.2759247311828,1.15216071428571,5.30754838709677,9.06083888888889,13.8435860215054,17.2456277777778,21.6531182795699,21.2551612903226,16.4652944444444,9.45789784946236,2.80998888888889,-1.50172580645161
"DryGB3-997",42.8126506274965,-116.239599678774,1153.55489463574,20220707,34,139,4,"LL",0,120,240,"ARTRT",91.2,1203.20087015221,48.7797263689965,67.3728051729218,116.152531541918,0.419962662211907,0.668817724455109,0.198335559554756,277.607,9.95327463410992,38.91,23.8696666666667,27.663,27.0603333333333,35.5446666666667,20.5603333333333,4.13233333333333,3.20933333333333,7.68133333333333,18.054,25.8366666666667,45.0853333333333,-0.822193548387097,1.379625,5.44108602150538,8.56809444444444,13.3972903225806,17.77325,22.9248817204301,21.9849408602151,16.6893166666667,9.87130107526882,3.34946111111111,-1.11775806451613
"DryGB3-998",42.6804505801226,-117.728035329019,1163.49836077775,20220606,18,294,0,"LL",0,120,240,"ARTRW8",155.666666666667,1218.70490897271,38.1422063585132,41.5019351644011,79.6441415229143,0.478907872307712,0.70447451309738,0.156623195360928,240.284333333333,10.2390127773511,23.939,17.7486666666667,21.462,29.6013333333333,38.463,23.8996666666667,6.27733333333333,3.60766666666667,10.0256666666667,18.7096666666667,19.7463333333333,26.804,-0.0751612903225807,2.00840476190476,5.69966129032258,8.41441111111111,13.2884516129032,17.7900388888889,23.1114032258064,22.1475215053763,17.1530444444444,10.2684139784946,3.72404444444444,-0.66208064516129
"DryGB3-999",38.2251741690917,-115.028167404342,1692.50839783175,20220517,30,274,2,"LV",0,120,240,"ARNO4",116.3,1420.10070469964,48.1201272660819,62.3961698331615,110.516297099243,0.435412048078938,0.640795446244085,0.172083263347331,264.481,10.6699872930534,28.057,34.9026666666667,29.7783333333333,23.2776666666667,23.371,11.794,14.9596666666667,17.3643333333333,17.7193333333333,25.1416666666667,15.5376666666667,22.5776666666667,0.270075268817204,2.05022619047619,5.79976344086021,8.93301666666667,13.7871344086021,19.2769166666667,23.0999516129032,22.1184569892473,17.6167944444444,10.9634139784946,4.42403333333333,-0.299935483870968
"DryGB4-009",38.34194,-112.939122,1670.020386,20210717,50,226,7,"CL",0,120,240,"ARTRW8",97.1666666666667,1353.62426794904,56.9251587921688,64.9416371751936,121.866795967362,0.467109669539635,0.622133333333333,0.19384,296.551333333333,10.5056866924817,23.4336666666667,27.0213333333333,32.107,30.8186666666667,24.7076666666667,11.9813333333333,20.4983333333333,21.937,20.4323333333333,34.31,22.2886666666667,27.0153333333333,-0.92536559139785,1.32997023809524,5.62047849462366,8.82218333333333,13.8938655913978,19.6595611111111,23.7705322580645,22.7481182795699,17.7259666666667,10.6635376344086,3.98316111111111,-1.2237688172043
"DryGB5-019",39.87341,-112.5128,1732.812256,20210718,15,244,3,"LL",0,120,240,"ARTRW8",62.6666666666667,1309.29619920416,53.7055714509023,93.4561165107907,147.161687961693,0.364942616483729,0.4094,0.2842,383.894333333333,9.26789094235364,39.4636666666667,41.671,42.013,43.3703333333333,41.813,18.6006666666667,13.5096666666667,13.8886666666667,22.9223333333333,35.3923333333333,30.1556666666667,41.094,-2.16272580645161,-0.0754583333333336,4.17996774193548,7.27332777777778,12.4684946236559,18.2590888888889,23.0448709677419,22.1085107526882,16.6049722222222,9.33284408602151,2.60575,-2.42495161290323
"GB3-003",38.9270670293262,-117.698226850589,1912.20128290549,20220520,40,118,3,"LL",0,120,240,"ARTRW8",102.333333333333,1329.16352685974,45.4991842489071,46.3280642244254,91.8272484733325,0.49548674282798,0.37050616543358,0.268576636672665,227.570333333333,9.2780328650367,25.1476666666667,20.566,23.785,25.7166666666667,33.622,12.9633333333333,11.652,7.38866666666667,10.8316666666667,18.3676666666667,16.3303333333333,21.1993333333333,-0.316543010752688,1.20043452380952,4.47913440860215,7.12055,11.8385161290323,17.0470722222222,21.4809301075269,20.5595322580645,15.9093833333333,9.52195161290322,3.47141666666667,-0.975983870967742
"GB3-014",44.0180595824905,-120.933789750674,1095.03947477102,20220603,19,330,1,"LL",8,120,240,"ARTRW8",142.416666666667,1041.97083801747,34.0608855241494,58.3844771085415,92.4453626326909,0.368443419487487,0.67508,0.15168,290.883333333333,8.62279059459805,34.955,25.2703333333333,21.216,23.7726666666667,33.6476666666667,24.321,10.972,9.49866666666667,13.2476666666667,21.7206666666667,28.103,44.1586666666667,0.505204301075269,1.63417261904762,4.2602688172043,6.69827222222222,11.007935483871,14.5248055555556,19.190564516129,18.8242580645161,14.7901277777778,8.93027956989247,3.36654444444445,-0.25894623655914
"GB4-007",39.157423479519,-116.528016608317,2161.58056640625,20220521,40,266,7,"LV",0,120,240,"ARTRW8",69.0833333333333,1303.9839725446,60.816626697282,64.9445138832148,125.761140580497,0.483588383633931,0.56728258081717,0.165845364260481,311.972,7.96364186827957,31.556,31.0816666666667,35.2166666666667,39.205,38.8676666666667,15.1463333333333,11.0416666666667,14.1746666666667,18.405,21.9886666666667,24.3273333333333,30.9613333333333,-1.47939784946237,-0.402458333333334,2.91940860215054,5.58550555555556,10.2583817204301,15.5560666666667,20.164123655914,19.3890268817204,14.7559333333333,8.46032795698925,2.37114444444444,-2.01436021505376
"GB4-018",40.0952548860014,-116.771916663383,1745.49873194637,20220617,17,38,5,"LL",0,120,240,"ARTRW8",86.35,1387.57781561343,46.2729232434418,44.6908696940578,90.9637929374996,0.508696061907132,0.28752,0.25888,290.381333333333,9.33904043352108,31.4016666666667,24.916,31.4563333333333,37.674,43.9066666666667,17.5166666666667,7.62466666666667,5.46233333333333,14.0126666666667,19.41,24.0163333333333,32.984,-0.881225806451613,0.856178571428571,4.47455376344086,7.08404444444444,11.9612688172043,17.1932722222222,22.2320860215054,21.269435483871,16.2681333333333,9.58141397849462,3.33038888888889,-1.30106451612903
"GB4-020",41.0050544003407,-119.782096305974,1482.50301717777,20220618,19,204,5,"LL",0,120,240,"ARTRW8",236.416666666667,1199.427238473,51.2546593365115,82.6650925632934,133.919751899805,0.382726659879558,0.76472,0.18132,395.806,9.88391523404164,48.7296666666667,40.2973333333333,45.3636666666667,44.439,48.6393333333333,27.547,5.50066666666667,6.76633333333333,11.4046666666667,24.1373333333333,39.7306666666667,53.2503333333333,0.414806451612903,1.80669642857143,4.71144086021505,7.38211111111111,12.2769247311828,17.12375,22.3250913978495,21.4273064516129,17.1085777777778,10.4322956989247,3.88510555555556,-0.287123655913978
"GB4-997",41.6424504854173,-113.670805944236,1677.19360726401,20220616,14,352,5,"LL",0,120,240,"ARNO4",66.6,1300.6976836385,72.8323486543654,61.1125930993832,133.944941753749,0.543748406627137,0.44752,0.22744,334.162333333333,8.30170752154805,33.4116666666667,25.7,32.161,35.3646666666667,43.028,25.8946666666667,15.161,14.477,24.235,26.363,22.0246666666667,36.3416666666667,-3.43097849462366,-1.14973214285714,3.2944247311828,6.61352777777778,11.7199731182796,16.9621833333333,22.2869838709677,21.2985376344086,15.7123888888889,8.40167204301075,1.44162777777778,-3.53011827956989
"GB4-998",43.5964451590959,-120.0007056446,1354.2550367528,20220604,33,49,1,"LL",0,120,240,"ARTRW8",133.666666666667,1000.23695250031,56.1444711095922,72.7759782959245,128.920449405517,0.435497016714477,0.44472,0.227413333333333,308.923333333333,8.00132274598908,38.3126666666667,27.2813333333333,29.1616666666667,30.4173333333333,39.2386666666667,20.716,8.54333333333333,5.81566666666667,9.32733333333333,22.9553333333333,32.6283333333333,44.5256666666667,-0.932043010752688,0.414029761904762,3.45662365591398,5.8931,10.4563440860215,14.30785,19.626311827957,18.9941397849462,14.6793777777778,8.43103225806452,2.29731111111111,-1.60820430107527
"GB4-999",43.8792636059633,-120.97013158735,1297.13834703089,20220604,48,304,0,"LL",0,120,240,"ARTRV",83.1666666666667,1018.43430575499,52.9005028098846,73.3144920596863,126.214994869571,0.419130095156692,0.755893333333333,0.123146666666667,390.825333333333,7.93024185014508,51.2443333333333,35.4706666666667,31.866,31.692,37.9976666666667,28.1623333333333,13.745,11.739,17.6126666666667,29.119,42.078,60.0986666666667,-0.104709677419355,0.988285714285714,3.52519892473118,5.92761666666667,10.2594139784946,13.7963222222222,18.5692795698925,18.1537580645161,14.1186111111111,8.21716666666667,2.64806111111111,-0.936102150537634
"GB5-005",40.7074548025063,-114.991838224339,1735.31769924989,20220710,50,161,0,"LL",0,120,240,"ARTRW8",52.5333333333333,1308.1184176813,62.2172294452133,129.006674647564,191.223904092777,0.325363242322607,0.593546666666667,0.218586666666667,510.639333333333,8.43622321535245,59.65,46.1663333333333,48.4406666666667,49.876,56.8126666666667,23.164,14.1983333333333,12.1993333333333,27.8493333333333,45.7526666666667,56.9786666666667,69.5513333333333,-2.10530107526882,-0.582791666666667,3.48651075268817,6.58627777777778,11.4116182795699,16.4712166666667,21.3950268817204,20.4659623655914,15.4028555555556,8.84930107526882,2.29322777777778,-2.43922580645161
"GB5-019x",42.4491749285184,-116.099144965518,1779.49463715682,20220708,40,124,4,"LL",0,120,240,"ARTRV",84.3166666666667,1086.83555451964,79.9313901207346,118.042079601712,197.973469722446,0.403747988216787,0.62136,0.19816,447.227333333333,7.19510168757467,62.894,40.795,48.0856666666667,47.2586666666667,54.9863333333333,26.0653333333333,4.67366666666667,6.04966666666667,11.1776666666667,29.273,44.79,71.1783333333333,-2.18888172043011,-1.11708333333333,2.27254301075269,5.01704444444445,9.68122043010753,14.04705,19.5519838709677,18.9630806451613,13.9549666666667,7.43172043010753,1.39868333333333,-2.67110752688172
"GB6-011",42.0581900328789,-119.610513299815,1736.96814685363,20220605,18,308,5,"LL",0,120,240,"ARTRW8",116,1058.60113879535,75.9030131324261,124.494488071292,200.397501203718,0.378762273364205,0.565886822635473,0.150569886022796,497.877666666667,7.76364730756102,64.9083333333333,48.0696666666667,55.6006666666667,59.5683333333333,57.1476666666667,27.8826666666667,6.49233333333333,5.74566666666667,13.6623333333333,31.3556666666667,54.1223333333333,73.322,-0.744204301075269,-0.031452380952381,2.66379032258065,5.08466111111111,9.74977419354839,14.1048555555556,19.5593279569892,18.9139569892473,14.6455333333333,8.35930107526882,2.35727222222222,-1.49904838709677
"GB6-999",42.0399130834658,-115.750012043971,1764.89674527697,20220709,30,22,9,"LL",0,120,240,"ARTRW8",138.6,1247.05859522415,128.17749862887,149.330303169861,277.507801798731,0.46188791017066,0.372346666666667,0.21168,569.299,7.75713010539341,58.3046666666667,39.9336666666667,66.8046666666667,88.717,85.1543333333333,33.9693333333333,11.133,8.67833333333333,23.8653333333333,34.136,53.6843333333333,64.9183333333333,-1.07782795698925,-0.44847619047619,2.7027311827957,5.28420555555556,9.96502688172043,14.3966333333333,19.9173010752688,19.3552311827957,14.5008444444444,8.10645698924731,2.16881111111111,-1.78537634408602
"GB7-002",41.5328198438897,-119.564980203397,1910.1068630586,20220619,17,71,6,"LL",0,120,240,"ARTRV",133.266666666667,1124.76648064899,99.8280616277514,131.671211928778,231.499273556529,0.431224081588207,0.6576,0.1842,594.369333333333,7.45437463304318,72.6013333333333,59.6376666666667,70.9646666666667,73.4703333333333,73.3103333333333,34.6766666666667,7.59966666666667,7.55933333333333,14.3283333333333,36.211,60.791,83.219,-1.20331182795699,-0.462238095238095,2.14219892473118,4.54257222222222,9.32840860215054,13.9136166666667,19.4470752688172,18.8370107526882,14.6568611111111,8.15967741935484,1.95086111111111,-1.86023655913978
"GP3-008",43.1806,-108.049898,1602.32959,20210704,50,270,3,"LL",0,120,240,"ARTRW8",137.45,1165.14220379067,45.1694471722647,39.5653819089068,84.7348290811716,0.533068251415185,0.710426666666667,0.162426666666667,245.773,7.46372472158218,6.45066666666667,12.6976666666667,16.4743333333333,32.353,51.9833333333333,30.173,19.2573333333333,11.943,24.3466666666667,24.2943333333333,8.365,7.43466666666667,-6.87395698924731,-4.16901785714286,2.42401075268817,6.92888888888889,12.3572365591398,18.0337444444444,22.5259731182796,21.3275053763441,15.5035111111111,7.76504301075269,0.0316722222222219,-6.28991397849462
"GP3-997",47.8159103868975,-108.239523042094,928.408481007512,20220627,13,267,7,"LL",0,120,240,"ARTRW8",69.9375,1063.08332413101,127.985849165238,79.7988632356282,207.784712400866,0.615954117540287,0.46981101379724,0.189501123775245,379.041333333333,7.33321921082949,11.2593333333333,8.86766666666667,15.3036666666667,31.965,73.5103333333333,81.492,42.6113333333333,32.342,32.4456666666667,26.619,13.2516666666667,9.37366666666667,-5.78812903225806,-4.27693452380952,1.10254301075269,6.64567777777778,12.0634623655914,16.9617833333333,21.5144946236559,21.0063655913979,15.1231722222222,7.59520430107527,0.59255,-4.54155913978495
"GP3-999",47.9866577592194,-107.559021720763,755.118467672131,20220628,50,218,2,"LL",0,120,240,"ARTRW8",80.9833333333333,1089.87838678711,101.634631268345,67.5390425049401,169.173673773285,0.600770965135797,0.222424720389255,0.509484705725522,335.768333333333,7.24399052739375,8.774,7.933,10.5806666666667,30.7596666666667,61.0383333333333,70.478,40.1823333333333,30.072,30.065,26.0633333333333,11.049,8.773,-7.29854838709677,-5.35661904761905,0.815166666666667,7.12798333333333,12.7740752688172,17.7152833333333,22.028247311828,21.4436182795699,15.4766611111111,7.73150537634409,0.0909055555555556,-5.62039247311828
"GP4-999",46.959120375148,-108.408558201146,956.168049799545,20220626,41,49,4,"LL",0,120,240,"ARTRW8",109.583333333333,1169.43921431436,112.472719628795,50.3102784692684,162.782998098063,0.690936528648031,0.206984384456442,0.386619609411451,364.235333333333,8.26000950247482,12.225,9.26933333333333,13.884,38.9226666666667,75.005,71.3196666666667,33.4596666666667,29.8523333333333,28.1633333333333,28.8286666666667,11.7736666666667,11.532,-3.92211290322581,-2.60171428571429,2.42459677419355,7.28371666666667,12.5153387096774,17.3927777777778,21.9135107526882,21.3504731182796,15.6924888888889,8.50155913978495,1.70652777777778,-3.13704838709677
"GP5-005",43.047445,-106.122816,1777.295898,20210707,50,10,6.47510826433152,"VL",0,120,240,"ARCA13",70.015625,1261.47332687847,99.8854600023963,78.7821900054318,178.667650007828,0.55905733353531,0.77396,0.152133333333333,419.641666666667,6.8006901593702,16.0103333333333,21.4773333333333,31.9783333333333,57.175,80.262,43.1016666666667,34.4803333333333,20.933,33.217,39.9486666666667,20.0283333333333,21.0296666666667,-4.38385483870968,-3.67905357142857,1.34628494623656,4.96400555555556,10.2894784946237,16.0870611111111,20.5674677419355,19.6129731182796,14.1911111111111,6.73388709677419,0.392888888888889,-4.51396774193548
"PNWMtn3-008",38.4161249036327,-118.78613526944,2300.69506835938,20220519,35,152,8,"VV",0,120,185,"ARTRW8",75.9166666666667,1087.24229054493,42.2414938629091,75.0938891497337,117.335383012643,0.360006442884817,0.632900086649337,0.192841431713657,275.778,7.25865341141833,48.5716666666667,38.2053333333333,36.4923333333333,20.2383333333333,27.1243333333333,8.71333333333333,10.8896666666667,7.57766666666667,5.615,14.3273333333333,21.1523333333333,36.8706666666667,-1.07383870967742,-0.483321428571428,2.01351612903226,4.5565,9.33060215053763,14.3643777777778,18.5530161290323,17.7930268817204,13.6310333333333,7.82676344086022,2.16812222222222,-1.57595698924731
"PNWMtn7-012",42.8427554062035,-120.841222191342,2142.63163123963,20220620,24,241,8,"LL",0,120,240,"ARTRV",106.625,880.79918629689,90.56010229125,144.48369611156,235.04379840281,0.385290328469128,0.6852,0.122853333333333,686.232,4.70742215821813,95.7546666666667,76.3183333333333,89.372,72.5136666666667,61.8933333333333,32.507,10.7816666666667,8.46666666666667,16.28,40.3456666666667,70.7773333333333,111.221666666667,-2.33287634408602,-2.11503571428571,-0.223037634408602,1.96188333333333,6.26837634408602,9.95673888888889,15.1433655913978,14.7954946236559,10.9955055555556,5.20861827956989,-0.0816444444444446,-3.08832258064516
"RkyMtn4-015",44.167872,-113.219688,1969.908447,20210727,50,198,7,"LL",0,120,240,"ARTRW8",73.5666666666667,1015.68942219429,60.5420575998111,86.406235344681,146.948292944492,0.411995650896606,0.384053333333333,0.19216,377.904,4.85077299453832,31.792,28.6603333333333,31.6073333333333,38.91,49.898,44.149,16.664,18.1576666666667,22.843,31.0666666666667,25.6796666666667,38.4763333333333,-6.56375806451613,-5.08128571428571,-0.244188172043011,3.97708333333333,8.83082258064516,13.0511444444444,17.9346075268817,17.167188172043,12.2488722222222,5.41290860215054,-1.77785555555556,-6.74626344086021
"RkyMtn4-017",44.6691640187471,-113.24474131699,1959.15379979909,20220712,17,240,4,"LL",0,120,240,"ARTRW8",81.95,923.207142645089,82.6578152909436,88.5642796902308,171.222094981174,0.482752037930804,0.373701659668066,0.173822619476105,392.35,4.53395217827274,29.0076666666667,27.074,31.0856666666667,46.1313333333333,57.513,50.891,16.23,16.586,24.5896666666667,32.961,26.577,33.7036666666667,-6.08522043010753,-4.92055952380952,-0.47708064516129,3.25193888888889,8.15378494623656,12.3261,17.2382258064516,16.5483709677419,11.7706722222222,5.05039784946237,-1.86782222222222,-6.58138172043011
"RkyMtn4-999",46.6701832646939,-113.984877364816,1231.22886266741,20220720,20,279,8,"LL",0,140,240,"ARTRV",87.85,904.186024778493,104.544364612974,121.668489033525,226.212853646498,0.462150416865103,0.39056,0.20088,498.842333333333,6.84845036162314,42.801,39.0256666666667,36.174,41.5293333333333,54.5316666666667,64.4806666666667,26.8136666666667,26.6426666666667,31.7186666666667,40.3533333333333,46.051,48.7206666666667,-3.33818817204301,-1.78449404761905,2.41097311827957,5.99468333333333,10.7057311827957,14.4174,19.1192365591398,18.4695322580645,13.3975611111111,6.49073655913979,0.148538888888889,-3.8503064516129
"RkyMtn5-015",44.232168,-113.04519,2206.927734,20210727,27,64,12,"LL",0,120,240,"ARTRV",84.95,1035.23772568223,109.845396403251,106.928073477816,216.773469881067,0.506728966711275,0.404,0.184106666666667,466.787333333333,3.6391318057689,35.098,36.5213333333333,40.1506666666667,51.866,64.8263333333333,52.5276666666667,18.6406666666667,23.068,27.552,40.894,32.557,43.0856666666667,-6.83910215053763,-5.70303571428571,-1.47031182795699,2.27567222222222,7.11070430107527,11.2485777777778,16.3071344086022,15.684564516129,10.7903722222222,4.06466666666667,-2.65665,-7.14301075268817
"RkyMtn5-017",38.140622,-111.704564,2848.216309,20210711,18,192,3,"VL",0,120,240,"ARNO4",46.125,1210.79723784134,97.25107327535,83.9092415434752,181.160314818825,0.536823273754017,0.45904,0.26312,454.741666666667,4.77335113713944,39.214,40.055,40.081,36.8323333333333,35.0263333333333,14.333,44.71,54.5746666666667,43.4876666666667,44.241,29.3793333333333,32.8073333333333,-4.34215053763441,-3.52860714285714,-0.100876344086022,2.72842222222222,7.39127419354839,12.9674722222222,16.0175376344086,14.961564516129,11.0480055555556,5.25417741935484,-0.460788888888889,-4.65581720430108
"RkyMtn5-999",44.8471366754219,-112.521238820732,2131.46819221196,20220721,25,184,10,"LL",0,120,240,"ARTRV",67.5666666666667,929.332059156186,99.9892185931936,65.7965155932064,165.7857341864,0.603123176332961,0.517876739318803,0.15357815903486,375.987666666667,3.69414132424475,14.7936666666667,15.1073333333333,22.3836666666667,42.481,64.3566666666667,62.1613333333333,28.395,27.883,29.3333333333333,33.6856666666667,18.1566666666667,17.2503333333333,-6.57684946236559,-5.6861369047619,-1.45252150537634,2.21275,7.16989247311828,11.34385,16.3149516129032,15.6878387096774,10.8730833333333,4.07658602150538,-2.6072,-7.02654838709677
"RkyMtn6-010",44.3932712870132,-107.488209810208,2438.33872981069,20220722,50,241,10,"LL",0,120,200,"ARTRV",80.6875,980.663819047976,135.33140591375,124.241773039777,259.573178953527,0.521361284164028,0.364,0.241226666666667,533.750666666667,2.91748026860386,37.522,36.88,44.6703333333333,65.819,75.8526666666667,61.9673333333333,29.4353333333333,16.6383333333333,45.3216666666667,50.5363333333333,38.6053333333333,30.5023333333333,-7.7114247311828,-6.89258928571429,-2.15002150537634,1.46633333333333,6.58672580645161,11.4047166666667,15.7539462365591,14.9283333333333,9.80842222222222,2.90690860215054,-3.33154444444444,-7.76004301075269
"RkyMtn7-999",43.7256589858269,-110.617613643511,2118.08182011871,20220724,50,268,2,"LL",0,120,240,"ARTRV",81.7333333333333,979.744982082532,135.970939097742,126.981096598922,262.952035696664,0.517094072831575,0.512411165766847,0.139529016863294,689.696,3.1549403364482,82.6596666666667,63.556,60.5733333333333,60.5136666666667,64.4856666666667,47.76,28.6826666666667,30.343,45.4636666666667,50.6163333333333,68.589,86.453,-8.65598387096774,-6.8313630952381,-2.15159677419355,2.25063333333333,7.37188709677419,11.72405,15.9415268817204,15.2337956989247,10.5550055555556,4.02097311827957,-3.09346111111111,-8.50618279569892
"WYBas2-006",41.574017,-109.948939,1913.915771,20210708,23,42,0,"LL",0,120,240,"ARTRW8",81.2,1169.16074158533,21.0974270246443,17.9872127778377,39.0846398024821,0.539788191250122,0.542613333333333,0.257626666666667,200.824333333333,5.88066621223758,10.0526666666667,8.391,14.5363333333333,20.7743333333333,32.5263333333333,20.2573333333333,12.9296666666667,15.5963333333333,24.8236666666667,19.6246666666667,11.105,10.207,-6.52656989247312,-5.0727619047619,0.531994623655914,4.85241666666667,10.1694784946237,15.4253111111111,19.7131505376344,18.7337096774194,13.4270277777778,6.50586559139785,-0.794138888888889,-6.39748924731183
"WYBas3-014",41.994612,-108.640647,2054.337158,20210702,50,358,0,"LL",0,120,240,"ARTRW8",78.6666666666667,1149.39981676072,32.7510212317331,32.1527901972471,64.9038114289802,0.504608597101732,0.40592,0.369573333333333,265.614,5.80225181131592,14.698,14.1956666666667,20.158,33.8663333333333,46.5173333333333,23.5426666666667,11.9246666666667,14.0706666666667,23.3,26.7946666666667,18.0863333333333,18.4596666666667,-6.16848924731183,-4.86188095238095,0.429618279569892,4.4948,9.77103225806452,15.1985388888889,19.6492043010753,18.6160913978495,13.2935111111111,6.25704838709677,-0.8712,-6.18125268817204
"WYBas3-999",41.5158375213309,-109.561600629342,2029.87408003263,20220515,30,290,3,"LV",0,120,240,"ARTRW8",74.175,1174.82496831454,40.5098765142095,35.0763190123376,75.5861955265471,0.535942789976534,0.558992526827968,0.235088704925681,268.762666666667,5.95728469555385,14.2336666666667,14.3433333333333,19.312,30.507,41.9736666666667,25.1506666666667,16.1043333333333,20.1513333333333,29.63,26.318,16.6503333333333,14.3883333333333,-6.33134408602151,-4.76016071428571,0.713161290322581,4.80058888888889,10.0455,15.4072166666667,19.7518494623656,18.7404408602151,13.4476666666667,6.56943010752688,-0.683583333333333,-6.21334946236559
"WYBas4-010",42.489442,-108.347121,2101,20210703,20,322,0,"CL",0,120,240,"ARTRW8",71.45,1096.9765857455,79.9058046976204,72.6876565466102,152.593461244231,0.523651564399137,0.52688,0.24348,374.917,5.41381982526882,24.4926666666667,25.518,34.828,49.4366666666667,63.893,29.5026666666667,15.206,17.1143333333333,26.667,33.118,26.4833333333333,28.6573333333333,-6.33091397849462,-5.244375,-0.136983870967742,3.96226111111111,9.28691935483871,14.7670055555556,19.2821935483871,18.3398817204301,12.9585111111111,5.7625376344086,-1.27867777777778,-6.40252150537634
"WYBas4-019",43.5617289506305,-113.348009213911,1627.114143324,20220711,50,282,1,"CC",0,120,240,"ARTRW8",87.578125,1082.91850940611,64.2574305011105,76.2106356586713,140.468066159782,0.457452232794449,0.632371584349797,0.164523271345731,301.674,6.48292935121181,36.4676666666667,27.194,26.6143333333333,26.644,36.1076666666667,26.6586666666667,7.644,12.7203333333333,17.8633333333333,23.392,22.3993333333333,37.9686666666667,-6.64854838709677,-4.40918452380952,1.15472043010753,6.07490555555556,11.0990161290323,15.5408611111111,20.5960698924731,19.6971666666667,14.3588611111111,7.08111290322581,-0.511688888888889,-6.23813978494624
"WYBas4-999",38.52913,-106.801862,2403.526855,20210715,50,48,7,"VV",0,120,220,"ARTRW8",66.5333333333333,1226.38271889274,37.2619667275096,25.9653954072604,63.22736213477,0.589332932284685,0.44328,0.23672,301.275,4.35998970387438,24.256,22.053,19.8206666666667,24.6553333333333,24.0446666666667,15.2813333333333,35.5653333333333,37.553,31.3723333333333,21.3903333333333,19.975,25.308,-8.98526344086022,-6.64176190476191,-0.989204301075268,4.0762,9.15109677419355,14.0348277777778,17.046064516129,16.0324838709677,12.0574166666667,5.97924193548387,-1.29615555555556,-8.14506989247312
"WYBas5-020",41.396913,-106.781453,2169.468506,20210706,50,4,0,"LL",20,120,240,"ARTRW8",36.3452380952381,1138.83307163765,60.9156469779079,74.1464652904957,135.062112268404,0.451019504691683,0.475413333333333,0.182906666666667,411.905333333333,5.97564058713091,29.552,29.219,39.398,49.5406666666667,51.8303333333333,23.5096666666667,19.229,24.3936666666667,30.6246666666667,42.268,37.6136666666667,34.7266666666667,-4.4687688172043,-3.55045238095238,0.823650537634408,4.479,9.45806451612903,14.6301333333333,18.3568924731183,17.3592688172043,12.8795333333333,6.33894086021505,0.071822222222222,-4.67039784946237
"WYBas5-999",44.077795,-111.892943,1661.150024,20210725,50,222,3,"VV",0,120,240,"ARTRT",74.140625,1045.47498177263,105.737208973978,120.039055197358,225.776264171336,0.468327391996071,0.802746666666667,0.12248,423.522666666667,5.84588227086534,41.026,26.9243333333333,30.922,43.1506666666667,59.0206666666667,46.872,15.94,18.8953333333333,27.7196666666667,37.5523333333333,30.7003333333333,44.7993333333333,-6.64881182795699,-4.73455952380952,0.544510752688172,5.40338888888889,10.4559301075269,14.6684333333333,19.2312741935484,18.6104247311828,13.4833666666667,6.37749462365591,-0.908138888888889,-6.33272580645161
"WYBas6-007",44.175126,-111.701305,1724.46814,20210726,50,266,2,"LL",0,120,240,"ARTRV",74.05,1034.99775158549,135.652564575014,157.152248590119,292.804813165133,0.46328666222611,0.506453333333333,0.16784,508.433666666667,5.27449675605905,56.465,38.4873333333333,37.3426666666667,48.7816666666667,62.7923333333333,51.0176666666667,16.4673333333333,18.954,30.535,43.586,42.9846666666667,61.02,-6.74997311827957,-5.04092261904762,-0.144940860215054,4.62866111111111,9.76867204301075,13.9198888888889,18.4392956989247,17.8441451612903,12.7693333333333,5.79564516129032,-1.35948888888889,-6.57635483870968
"WYBasX-001",37.478213,-105.36319,2558.542969,20210714,20,270,3,"LL",0,120,240,"ARTRW8",66.9375,1236.08200499245,72.8616676917152,44.9301845290411,117.791852220756,0.618562882899265,0.70536,0.14392,377.256666666667,6.4831539447858,18.829,21.7023333333333,34.403,42.4953333333333,31.7183333333333,18.928,52.6326666666667,50.488,34.549,27.566,22.95,20.995,-4.20711827956989,-2.37935714285714,1.85994086021505,5.23618888888889,10.111252688172,15.3603666666667,17.6657204301075,16.6370215053763,13.1711666666667,7.28627956989247,1.05711666666667,-4.0007311827957
