"plot","shrubs","c3pgrass","c4pgrass","agrass","pforbs","bareground","CP3-012","CP3-014","CP3-2023-01","CP3-998","CP5-002","DryGB2-006","DryGB2-019","DryGB3-996","DryGB3-997","DryGB3-998","DryGB3-999","DryGB4-009","DryGB5-019","GB3-003","GB3-014","GB4-007","GB4-018","GB4-020","GB4-997","GB4-998","GB4-999","GB5-005","GB5-019x","GB6-011","GB6-999","GB7-002","GP3-008","GP3-997","GP3-999","GP4-999","GP5-005","PNWMtn3-008","PNWMtn7-012","RkyMtn4-015","RkyMtn4-017","RkyMtn4-999","RkyMtn5-015","RkyMtn5-017","RkyMtn5-999","RkyMtn6-010","RkyMtn7-999","WYBas2-006","WYBas3-014","WYBas3-999","WYBas4-010","WYBas4-019","WYBas4-999","WYBas5-020","WYBas5-999","WYBas6-007","WYBasX-001"
"CP3-012",0.3535,0.0707,0.1212,0.0202,0,0.4343,0.478649943665454,0.455293159730411,0.505920150795772,0.494057653734525,0.430838203089043,0.48085905639252,0.463173004392198,0.572895398252782,0.493718739722037,0.473050834969153,0.475603850814471,0.505642354635673,0.449178112474908,0.488013189394377,0.410990886791691,0.489743278093459,0.491152528239389,0.450035978930067,0.544849399809529,0.505031942991229,0.450792699078202,0.425708113880605,0.516190278386931,0.480488925475904,0.545359604386931,0.535212020973807,0.496653938497789,0.558817307857288,0.543145273730678,0.563986023366432,0.513414946030175,0.456570310349317,0.528394714349293,0.443471523172046,0.524569387081587,0.509803056504345,0.543682446692333,0.513616446618963,0.540910021570898,0.565351572299358,0.562364338001578,0.44735848309056,0.467947587818966,0.480712069344925,0.543107262499986,0.527214106070958,0.456835110438288,0.464576400282389,0.539698411343941,0.55483022412091,0.492316587860679
"CP3-014",0.1818,0.1616,0,0.0202,0.0202,0.6162,0.455800577622852,0.441975483267313,0.486612651734743,0.467271389052266,0.419858232245633,0.45340951004196,0.437824786808417,0.558150540321483,0.473113600573554,0.459640232513725,0.450555204911855,0.487108528597686,0.426785264858571,0.464515292125347,0.396581027999613,0.462997817456574,0.468653380189146,0.438629909213386,0.524700055937894,0.487165716427135,0.438225356569423,0.403210215933522,0.495270264322546,0.45876831422236,0.52953160677031,0.519470636266846,0.482198263337091,0.539835515936962,0.523548901825077,0.546915483303235,0.49377940261542,0.432491169036448,0.505932394862506,0.425561643424961,0.507008309066098,0.487441420535528,0.523885051332616,0.491628457905624,0.52270809743678,0.54677890143086,0.54287473523138,0.429796013600788,0.455430091081855,0.458446145925899,0.525871383185847,0.510011234810466,0.435338695391566,0.443991371072207,0.521286652086312,0.534290675394234,0.473202202079134
"CP3-2023-01",0.2673,0.2475,0,0.0693,0.0099,0.4059,0.498214227798958,0.479923149207362,0.528701207490836,0.508133282236621,0.45476992383353,0.492603945021472,0.478191177561863,0.594630634177662,0.514273987451231,0.497693516147738,0.492002909399212,0.528091340895683,0.467093445079664,0.505605225943936,0.43190301978013,0.502540805686693,0.509915548167379,0.47452140299992,0.56302261448242,0.529758624660955,0.476088761463043,0.441998463464157,0.537750914740863,0.501006301513765,0.569223986761078,0.559825011252287,0.524892766462482,0.578830992725444,0.563209077209814,0.587212318450913,0.536331787271214,0.47351896126204,0.545450732651155,0.464926862890933,0.54977789274624,0.527908907910839,0.564422037704225,0.532951849045567,0.564481736624002,0.585700595578241,0.582204667764561,0.469083918619798,0.494663699219812,0.500708170181913,0.567370793122106,0.551707443536857,0.476576553265231,0.485540340900195,0.561322557097955,0.573193559980316,0.516314871132347
"CP3-998",0.54,0,0.02,0,0.15,0.29,0.562499284591403,0.540315729281889,0.585115265175508,0.577128593493123,0.523359486035939,0.562435261833846,0.544855545189697,0.646487823228797,0.564790724470404,0.553137782847756,0.557755627997127,0.578674590900377,0.532283974103823,0.56907932678284,0.497908699663713,0.570641686010542,0.570495563975375,0.529483184537239,0.621596690189308,0.585539353209733,0.536979576626435,0.510075833658163,0.595189511936689,0.561025612267692,0.623824328012396,0.613380849437446,0.579266326684335,0.638434447128931,0.623482889067334,0.641388355477431,0.593505558247559,0.538439040643767,0.606952448218917,0.527488699518201,0.602328305318235,0.59005103328169,0.621919188535842,0.593113368163053,0.618920456456702,0.642696801099265,0.639439824333269,0.53130441732639,0.551743255254322,0.561254233540826,0.620703431661351,0.606385939793046,0.539040865104303,0.546919423885391,0.61892334142671,0.633151166707562,0.57469472670773
"CP5-002",0.1881,0,0.0693,0.0198,0.0495,0.6733,0.520093018520834,0.492204592674112,0.547861171544269,0.534486973215175,0.468095895946237,0.512874580374639,0.495151991517764,0.621059601664729,0.525720512292716,0.507115852934798,0.512485374673346,0.542126332326959,0.481239043331675,0.524445380500617,0.434096042021906,0.523533729783334,0.526868406841396,0.474668703082376,0.58710112465812,0.547944824595364,0.486670878578756,0.454539550889345,0.559334968975116,0.518113363143972,0.593629549722116,0.580737115991753,0.542662773110093,0.610724508437198,0.59175298268893,0.613545900870744,0.557440508179558,0.489279730336377,0.571032520747363,0.478120370382066,0.56997642639517,0.54955198044308,0.590168022003543,0.554674785824057,0.588409373750234,0.615445122827103,0.610900149654143,0.482810357357355,0.505773108162597,0.517869229461634,0.591623468681981,0.573537931546682,0.491405190350779,0.50080215585597,0.586799331402639,0.601266652531041,0.537116214171432
"DryGB2-006",0.69,0,0,0,0,0.31,0.477190952088358,0.465126195851208,0.493268942715775,0.490029397051786,0.450919385525073,0.491787611837351,0.476658298554452,0.539299179509047,0.48588943687659,0.478853374825126,0.479128037540011,0.494087921492209,0.463759788899042,0.488301400940192,0.442219385073223,0.496435482566952,0.489020722285828,0.469063039387943,0.525155472336729,0.488400077260806,0.462097657533941,0.452211124223998,0.496295584239079,0.476613859971549,0.517955376155161,0.512743273569232,0.489720810988669,0.51857045749624,0.512540281066953,0.52380277446521,0.496064781224886,0.468180309311542,0.508256969821298,0.456651325034403,0.500994473821418,0.499652604554459,0.512263360708177,0.498853838376134,0.510110685339208,0.521945558914853,0.523199870080048,0.45947499120844,0.474121458174742,0.477313177224495,0.511904172067067,0.505537956352201,0.464779716857993,0.466581442817591,0.513395879644466,0.525405468976378,0.479941911814534
"DryGB2-019",0.55,0.04,0,0,0,0.41,0.478159483693601,0.477407213195843,0.499575721934514,0.483365601125751,0.460177383699028,0.483635439276464,0.473616657528604,0.541420190956439,0.498233016845563,0.494455205015704,0.476760880653091,0.506252357594252,0.467869464203634,0.487176388616562,0.456254932676544,0.487753184622289,0.492059094254548,0.486525332653718,0.522228492193011,0.49961984550109,0.476360471943808,0.456863338867868,0.50021478071691,0.482099273485327,0.523948030547726,0.522096780095782,0.495765798627145,0.520399059629697,0.512968455398675,0.530752654219615,0.501505878784145,0.470458998315276,0.505461134392706,0.465829642701576,0.509494556046686,0.498157748225056,0.514235558093131,0.4985537092848,0.515626424166206,0.525619769876252,0.524227684564928,0.468559191267171,0.488368719913792,0.481917667303956,0.517625508212192,0.51227945475633,0.471067439327393,0.474119521524397,0.514619475181097,0.522298685124111,0.486497596312199
"DryGB3-996",0.24,0.27,0,0.29,0.06,0.14,0.419856410114365,0.420936511951682,0.451544169898661,0.423041838638344,0.396864663047996,0.414850110604341,0.403365575329557,0.516857647038736,0.445923611376144,0.439432038510405,0.413405280923308,0.459032380198559,0.397149682729024,0.426050854556976,0.376248591585232,0.422973602159375,0.43214832106975,0.421696473532528,0.479787088435687,0.454948049416837,0.418979807651748,0.377540774004218,0.457184970632127,0.426286343673188,0.489055999186815,0.48326181359949,0.454071036807225,0.49423628858774,0.47803829332826,0.503563519794961,0.456372167012359,0.40102724306837,0.462120255230984,0.400696878752682,0.472489147334675,0.445289690963199,0.48173216106907,0.450557209853811,0.483606309833152,0.503323415485557,0.499076002341155,0.404416149153999,0.437338296047641,0.425066768381266,0.487043014702687,0.472740276489253,0.406627334458753,0.41474727525505,0.479237600894663,0.489104062569032,0.441170962735886
"DryGB3-997",0.27,0.03,0,0.21,0.03,0.46,0.391595228566688,0.384708481579583,0.425373168705501,0.39959612280833,0.355576694611576,0.395033410655982,0.380359729928546,0.497654595069563,0.419962662211907,0.404024863467304,0.388857893160058,0.431138618601041,0.369952115154596,0.403353238312732,0.341299670173936,0.403418326256717,0.409051820175716,0.386057090027969,0.461760443424204,0.425824083950934,0.3799662691641,0.349270413944785,0.434099848282862,0.400135096130282,0.465912285677158,0.457412250287525,0.413576253932874,0.472473431590151,0.456505167075409,0.481978126556726,0.43081659264543,0.375920223907442,0.442942271555917,0.369472779167691,0.445673765470977,0.424724184323564,0.460930592236296,0.429493868816603,0.460366372972748,0.483064196528611,0.479385493484283,0.373068704476093,0.397544347193366,0.399764045798589,0.463644561651195,0.447360814042399,0.378459067718365,0.386148077736757,0.458336349822478,0.470171526553537,0.408325250128305
"DryGB3-998",0.16,0.06,0,0.11,0.07,0.6,0.470603606018593,0.457132803710832,0.506733492683402,0.484666486106113,0.424283667137692,0.484507602740254,0.466928664417817,0.57586383019053,0.499997475690722,0.478907872307712,0.472524510995357,0.510817408330269,0.452151417453808,0.488634591941606,0.417264701237561,0.492144474255975,0.493375542843616,0.459083100702012,0.544506282162421,0.505066937028323,0.452760231803943,0.43144527830571,0.515112382629408,0.480656274058384,0.547615999537867,0.539155570659995,0.483153531262651,0.552340928110803,0.537883470718201,0.56108439231511,0.511991766122019,0.459445914147608,0.526544389701338,0.446015134749588,0.525759503263853,0.509803899954125,0.541470303537799,0.512786451369866,0.540636810168535,0.562317861352351,0.558842468275344,0.449597781091463,0.469760190973461,0.480934016902131,0.543638186050865,0.52897817624048,0.458415237584981,0.465702092464924,0.53928795498416,0.551337073194065,0.483717582797525
"DryGB3-999",0.48,0.06,0.07,0,0,0.39,0.443627758787749,0.438930325544066,0.47103190997453,0.44736586261179,0.419594984440917,0.432982677499253,0.423465557414674,0.529718379642395,0.462418502922939,0.456040114348189,0.435412048078938,0.475223818564307,0.418430542029825,0.44711025408826,0.398457242673399,0.441366825927974,0.452921359977112,0.440169080456412,0.4964785928178,0.474932802087939,0.4365828504986,0.39824682237643,0.475948250167748,0.446096471776116,0.506521900874891,0.501037652930151,0.477080650503455,0.513359636701401,0.498003396991043,0.523076288401202,0.476849785465306,0.421739174508493,0.479504358122619,0.420534084554749,0.489976127924573,0.465049625999127,0.498471894646776,0.469487654720086,0.500496217861027,0.519140228189332,0.514201997944437,0.424371635292599,0.453180899979513,0.445313650004912,0.503453883248289,0.490985638091619,0.426798099257729,0.434704279910252,0.496294420880786,0.504568121645439,0.463157977349974
"DryGB4-009",0.22,0.06,0.01,0.21,0.05,0.45,0.434098787550656,0.421554170053054,0.464394319418541,0.44253475652282,0.397428583860003,0.430496571565915,0.416270980436321,0.535717174497464,0.454006391618416,0.438686535687244,0.428004630689124,0.467109669539635,0.407193748589704,0.441625521897331,0.376329228368515,0.439517882476184,0.447020970129434,0.416198246741224,0.500816753770348,0.463133468507128,0.417093376496305,0.38523273669642,0.471569843073139,0.437266925727814,0.505626077734133,0.496069308950859,0.456760040432455,0.514707436386522,0.498695135049149,0.519191939581646,0.470675912355669,0.412627979371126,0.48075372775344,0.405962740089843,0.482359877422756,0.463125974339174,0.498783833100104,0.467006165910558,0.497693833008113,0.521335581885216,0.517765846915837,0.410006795641508,0.43385969427431,0.436849218524567,0.500598401020848,0.486435680909519,0.415270766534396,0.422708913876274,0.496668757412343,0.509220986387815,0.450431919353581
"DryGB5-019",0.41,0.03,0,0.01,0.04,0.51,0.395326000785825,0.382761643074563,0.432265940838432,0.401028836172747,0.353407294661148,0.386610907308268,0.373418987267907,0.510060483548066,0.420964129034151,0.403530829281818,0.387564663973026,0.436158828073623,0.364942616483729,0.403214920973817,0.330854577625653,0.397306991995312,0.410153017396668,0.380237982685106,0.467767781599906,0.432758953271329,0.377417870848746,0.338802292699169,0.440331867976946,0.401320541547943,0.477581366197308,0.468759061416999,0.42132524791245,0.486203615213143,0.467372738174423,0.496458874208912,0.438987119802461,0.370708621996868,0.446470168259867,0.365440862305392,0.45576935120324,0.427152521391225,0.469756820115269,0.433221997912574,0.470817837091403,0.495784514147136,0.490507782481517,0.370094405853555,0.396889680995286,0.400554652218542,0.475119184511709,0.457533988811956,0.375912411383071,0.385081911209082,0.467096796764738,0.478820356005942,0.415344659456366
"GB3-003",0.4747,0.101,0.0101,0.0404,0,0.3737,0.484971276549425,0.486761296725073,0.517004646265297,0.488694571861026,0.460049213724586,0.485355161430895,0.474893140280287,0.575346339890113,0.514626213525155,0.506586303035885,0.481030230285117,0.52546466584301,0.469622707080985,0.49548674282798,0.451213744136666,0.492266078380207,0.502556440911169,0.491344585264979,0.544182900854198,0.519444536745678,0.484153454355127,0.45215429217186,0.520191930634132,0.493125066811604,0.551623162383282,0.547728527086913,0.50971462492782,0.551300826227826,0.538331914221042,0.561749359578268,0.520637603505814,0.472327185810352,0.524965366820438,0.470251389554834,0.533167161684141,0.512330106341121,0.541376631913266,0.515234761981435,0.543246916291085,0.560087543712929,0.555617876049141,0.47376042632777,0.499287033801356,0.49241794894978,0.545953940903057,0.535710726225745,0.476344249100808,0.482964711050232,0.540287716977152,0.547981022522036,0.50221748873544
"GB3-014",0.25,0.01,0,0.04,0.01,0.69,0.424625638235659,0.421416873622996,0.455992752033538,0.428556867581633,0.394785359185418,0.419012799732226,0.406485223430757,0.519781486801317,0.445551184168065,0.439184056557241,0.417537872856612,0.461005364447813,0.398226741939474,0.430100394349493,0.368443419487487,0.427399044805495,0.435041894597449,0.417286791865064,0.483670200718133,0.460327493188825,0.419120248572017,0.375699967548438,0.461825677998973,0.429992927062154,0.493762390724285,0.488632468065229,0.461229937743849,0.499424761208074,0.483194488548544,0.511805269689922,0.461227744927335,0.40340451624396,0.467247475202724,0.400190109625618,0.478045974343962,0.450298656439781,0.486286792586743,0.455423939359947,0.488857812650307,0.508623990220222,0.503505632092746,0.404297453974433,0.440095409268584,0.429040299021597,0.492774793429342,0.477466157089788,0.408434464558507,0.417179737521732,0.484082073551713,0.493790970052515,0.446899681197313
"GB4-007",0.66,0.02,0,0,0.03,0.29,0.481415428000705,0.473817540392948,0.516489502630626,0.485032363284305,0.44363815753951,0.474620767845375,0.463995734834592,0.576906775179723,0.504697694025696,0.492683607311381,0.475448972638415,0.518864602524655,0.457277593518728,0.490318222244923,0.424631853553122,0.483588383633931,0.496478524233941,0.469607133867758,0.542650860594882,0.518809500320368,0.470024897341696,0.433709094190298,0.522061082897916,0.489037024019214,0.554384428933197,0.548399448263408,0.507934350876383,0.557562068626995,0.542440929142219,0.569205654432176,0.521943303469936,0.461716648095112,0.524522750688187,0.457402918328642,0.536912238192216,0.509925229256562,0.545310286321924,0.51489696260431,0.548232176357444,0.566043983022768,0.560891034636102,0.461548924393248,0.488113161263357,0.488263596682803,0.551614207140435,0.538243725146777,0.466224651875834,0.475490415709207,0.54382920475664,0.551316162789399,0.500677620198646
"GB4-018",0.41,0.07,0,0.09,0.03,0.4,0.484348887471109,0.477701027314431,0.523399192309565,0.492760431470535,0.444108640062445,0.491793767790475,0.476407531009804,0.596804383885884,0.518565238007835,0.501672699745271,0.483296447693046,0.530371850737702,0.46607288823225,0.501359458096691,0.439113120767921,0.500157367878648,0.508696061907132,0.485959481214632,0.561504543863279,0.521260742141251,0.474019673968643,0.443577871666488,0.529306636577435,0.494875695726815,0.566246982032218,0.558843187410624,0.4976351306438,0.566647684564804,0.55214939172235,0.576003270712396,0.527999633169223,0.471239381354827,0.538192215996484,0.461938011907927,0.540413172806404,0.522520632613767,0.555695886687671,0.525321632132068,0.555321499360634,0.577599481286483,0.573427651757317,0.466293688975867,0.489491863957643,0.49470666986785,0.558307391465031,0.545855255196579,0.472654644488641,0.480241266371565,0.554638893846436,0.565898691322508,0.498196772254834
"GB4-020",0.1485,0.0198,0,0.1386,0.0198,0.6733,0.371037830209797,0.377065150109961,0.406320559527498,0.366767244223052,0.352964590564496,0.353493372711781,0.346799009416917,0.478070301070737,0.401569659680041,0.39735610477922,0.359897090495182,0.415983462034095,0.345144617530895,0.374474615947862,0.325903855173346,0.363610608214468,0.383389148348939,0.382726659879558,0.432851062576766,0.41080229190434,0.374155025167949,0.320803960785064,0.410880046976411,0.378433847080316,0.447526449636997,0.442283812406073,0.406319789638138,0.451440897214371,0.432874268361711,0.466491052061323,0.410982405135001,0.348530396990567,0.411571018864966,0.351819764897042,0.429542171748766,0.395142844091743,0.436760736557433,0.401610000162195,0.440791903325765,0.462380857946668,0.455702230581305,0.356389972883023,0.392756213937127,0.377002443747188,0.445470921526328,0.429356328160331,0.35710581878457,0.365765701212977,0.4349959124101,0.443111842656496,0.393411165026225
"GB4-997",0.4554,0.1485,0,0.1584,0.0495,0.1881,0.461877350922278,0.44003629174478,0.499662151387427,0.47611395958344,0.405877708567355,0.468875639451343,0.449782261390933,0.580052494382953,0.485299049702804,0.46085839098196,0.460109477764558,0.49943628215127,0.434873974209554,0.477286244045548,0.390246654978271,0.478708955692313,0.481939266385501,0.434557065669466,0.543748406627137,0.496471969142653,0.434890278864389,0.409278293604833,0.510493026928007,0.46944912302945,0.545936895050348,0.534197987005396,0.474210273656693,0.556280998676721,0.539062541761887,0.562986457643678,0.506638929255521,0.442505130487084,0.523982259432073,0.428377040458555,0.520346877375905,0.502497264481259,0.542127880374786,0.506725233391512,0.538804661337954,0.567290864772775,0.563768086130371,0.432596621705844,0.453371858715842,0.469596964527799,0.541994898722662,0.524885209649861,0.443224098502839,0.452099813805356,0.538633125935841,0.554907615957896,0.476221634980888
"GB4-998",0.17,0.15,0,0.01,0.24,0.43,0.399654441950865,0.392577826521403,0.433459742822417,0.403059808182361,0.362622222540771,0.395292804937611,0.38304131090766,0.501013269710983,0.42289771158339,0.411235754819234,0.393393640719897,0.437959096684969,0.373710738234849,0.407078431031649,0.337827860975509,0.403942292926318,0.41289558943604,0.384902287612146,0.462289794664191,0.435497016714477,0.389142849024614,0.350033005633477,0.440268458458758,0.407072370684381,0.472497075596196,0.466321876251617,0.4292974961576,0.476284346288994,0.460200915654648,0.486429661572227,0.438378867470666,0.380063724183095,0.444570521664393,0.373607041933337,0.455275822695924,0.427655634176848,0.4649920645158,0.433370871574469,0.466882977808886,0.486913058122967,0.482047380727125,0.377422645543523,0.409726229613671,0.406155233398845,0.47042132176602,0.455698540772955,0.383972843540872,0.392589753689314,0.462893722540479,0.472025371211713,0.420056640315697
"GB4-999",0.17,0.1,0,0.01,0.09,0.63,0.41225097844797,0.42030025635965,0.446901699404093,0.405958696378367,0.398131350943991,0.390395132942686,0.384423512169326,0.507602944216459,0.43865465406689,0.439079241595089,0.399111807806816,0.455320061210099,0.3841151177612,0.412079352667186,0.367344729379901,0.400374199610301,0.420464582680658,0.422957913844303,0.465203305718028,0.455233286460776,0.419130095156692,0.358840741910985,0.450117802391798,0.418938880312092,0.484918997645324,0.482186774721695,0.455608938666882,0.489985530575912,0.470397910014506,0.507296361797467,0.451826930520548,0.386759850902295,0.448373137596446,0.392654548086825,0.4715940065921,0.431924972615906,0.474201871561606,0.438974660446068,0.480311117704577,0.499995016416761,0.491886709992137,0.397427509577172,0.438782493188942,0.417060345112198,0.484974488751809,0.469129927753905,0.397077025077298,0.407328291444607,0.471544033409546,0.47778228421842,0.43931821357755
"GB5-005",0.45,0,0,0,0,0.55,0.379382977756131,0.381360897972659,0.413938889131401,0.374984679729778,0.357941463769388,0.359621105662449,0.352389379601932,0.480361792971472,0.403918373283652,0.399644461437319,0.366760276211023,0.419399953969486,0.351558965830713,0.382211530292059,0.325959413071051,0.369749807437664,0.389733077889302,0.380572829847893,0.438555249527423,0.414269150950644,0.376971219084011,0.325363242322607,0.414012096220233,0.382422250755497,0.453629827611022,0.448044336114685,0.409524329289681,0.45615333214882,0.440853646192068,0.466660511930155,0.419372311208897,0.353600045288249,0.41607547741977,0.355876822529821,0.430654921060991,0.403041424950556,0.439341741891203,0.406097588287316,0.441819843015967,0.463673304176015,0.457828010830313,0.361387016278831,0.392573803775268,0.381190659362906,0.44585524886036,0.436488703238597,0.361635013956541,0.370100178559348,0.439743824102864,0.447034548192709,0.398415414873168
"GB5-019x",0.303,0.2828,0,0,0.101,0.3131,0.366698932128887,0.377228977409729,0.400443658415666,0.359453578080738,0.355723714423887,0.346870889749743,0.341670949701552,0.46466631051234,0.394527045128581,0.395662560630324,0.354317412151734,0.409009348845529,0.342834425073934,0.367779656771048,0.32843769299579,0.356360121147094,0.376068118571428,0.382188242735099,0.420404192104646,0.406229721200881,0.374925409234426,0.320873471341915,0.403747988216787,0.373435272707933,0.438897474547983,0.434720773168633,0.404320330700693,0.442494727520707,0.424785575577185,0.459546221962518,0.405247498999275,0.344504081955116,0.402275310123968,0.351236914185698,0.422945446293737,0.387343062207856,0.428180718761326,0.393534397494735,0.4329180254242,0.453166921972193,0.445811411670576,0.355960658614546,0.391306615787051,0.371932900749064,0.437457878356049,0.422729553241505,0.354038367357704,0.362522624459346,0.426902854606862,0.432395772142013,0.388659706293352
"GB6-011",0.33,0.18,0,0,0.05,0.44,0.373388068534757,0.384851810828538,0.407312494995323,0.364535205315214,0.361510795839807,0.351852657118596,0.346517997877614,0.469120946189656,0.400676986736771,0.403360768363515,0.360018373697514,0.416492534247407,0.347600161209674,0.373830947039085,0.329566839060129,0.36135893979899,0.382251035627024,0.387356873547626,0.426071949746355,0.411527609532916,0.382063589495902,0.324071253142408,0.407329758778267,0.378762273364205,0.443686841054948,0.440575655076534,0.409774944752925,0.444040746158978,0.428885078710695,0.458944206615418,0.411394179676722,0.349000107693434,0.405979722980497,0.356469356437515,0.426736087225852,0.392709477780017,0.429877080784516,0.397776027755408,0.435078919744184,0.453377715474182,0.446519117050161,0.361827264580006,0.398187208206262,0.377067550102166,0.439651127870018,0.428366511883123,0.358808947211456,0.367666505275224,0.430862438886721,0.435253059909512,0.395443115412907
"GB6-999",0.202,0.2222,0,0.101,0.202,0.2727,0.377389475874536,0.380055142985328,0.419947746212551,0.371542836771276,0.351246678642879,0.360600111659086,0.352187924289705,0.490799211801991,0.409145306143914,0.403804374580515,0.36563857560844,0.427351199176749,0.350940594339058,0.384473229633415,0.316190866063497,0.371367500495349,0.393056882762464,0.377969617822182,0.444838922131433,0.418007999305539,0.375854216691078,0.321234436974608,0.417751519900082,0.384455735878382,0.46188791017066,0.456646790139351,0.405804904649932,0.460315940951121,0.442832588561907,0.472949513938231,0.422323345234548,0.352737822657355,0.420550537209566,0.3546616518802,0.435977679413692,0.404889240282623,0.444295285579566,0.409075141106745,0.448047295690348,0.471114063592936,0.46412687790902,0.360513223603246,0.393673682600932,0.382912541618474,0.452658103057336,0.442771875087349,0.361779814530215,0.3713247330194,0.444135284412892,0.452711106477445,0.398311838866886
"GB7-002",0.16,0.15,0,0.11,0.23,0.35,0.360153221915666,0.370491668847353,0.398119722542608,0.353331143489203,0.350222135725707,0.34069572694075,0.335519391055376,0.461475959719831,0.39047388636838,0.392537443696714,0.348502711530707,0.404912470909622,0.337869830770593,0.364234508919042,0.324572815091495,0.350451869124053,0.37243707639008,0.381161200000913,0.417132105439111,0.400370502044868,0.368222779851068,0.313366977190978,0.398011235320382,0.367846735526409,0.435996831875747,0.431224081588207,0.396312825323558,0.435940147127188,0.418642034343729,0.452269783337645,0.400507136922902,0.338434595008536,0.396209612759151,0.344585691289534,0.416915453492459,0.382276466939904,0.421656301225702,0.388068596546834,0.426228543299413,0.446964741048159,0.439713525418808,0.349447372417021,0.384094064285064,0.36636755818191,0.43074729227988,0.418461682842056,0.348227352268562,0.356839822326457,0.420506570102075,0.426584652675379,0.382442026764434
"GP3-008",0.0808,0.1919,0.1919,0,0.0202,0.5152,0.517989595606972,0.510392388799004,0.544820130607521,0.52953575960335,0.485557197898114,0.527105532083107,0.512139334678754,0.602910685930005,0.541984833164007,0.530858752228289,0.518004811362455,0.551981502218193,0.501343449894243,0.529695445581379,0.476165821282016,0.533265679633156,0.533945375550014,0.514979297734965,0.577698387508955,0.546732635698332,0.509069426459164,0.484257081622973,0.550128524120954,0.523568000642545,0.577418194361353,0.5731778077625,0.533068251415185,0.581578483117412,0.569712260228752,0.589041407654346,0.549045241339447,0.506273414587879,0.560938206733405,0.49802146811124,0.55905678701501,0.546267197455354,0.571203448871128,0.548143900572264,0.570130166517711,0.58960633544505,0.586508433503168,0.501166695992686,0.522486461941605,0.523651217945398,0.572230895824541,0.561740659464102,0.506490770702277,0.513075361289537,0.569066277324215,0.581522169191114,0.529894619903882
"GP3-997",0.24,0.14,0.03,0.01,0.45,0.13,0.534985657721222,0.524099043929928,0.565799136239228,0.548725478115938,0.486933114670669,0.536667115398671,0.52033131448018,0.626677974115569,0.55219723380978,0.541825803828481,0.532787739229596,0.566052149052686,0.506179280187827,0.544925662056863,0.464412974338934,0.545494632372991,0.547272466110511,0.513994744299406,0.596892680675877,0.569809685106256,0.520288061444743,0.482250121016858,0.577399604451597,0.540956575824928,0.604265695026404,0.595992012986364,0.558722100492321,0.615954117540287,0.599934357625958,0.624030961713414,0.573194726855475,0.513635501284819,0.586211482191944,0.506429547392185,0.588439255890455,0.567107846325845,0.602545356049487,0.572534298156736,0.602278543197138,0.62454540062646,0.61953667283565,0.510177532828768,0.54018689378891,0.541007432529926,0.605119241143454,0.588451575324083,0.515982760904649,0.526451780737121,0.598018026589218,0.609261002140239,0.552635538295382
"GP3-999",0.32,0.13,0.03,0.02,0.31,0.19,0.540278729820224,0.522528889281579,0.566379994590581,0.554446450360172,0.492085440073562,0.545977430910567,0.52857373915954,0.629895148634291,0.557117940669456,0.54025226711865,0.538785689941277,0.568053582069627,0.514987858479814,0.549868106138306,0.474915545345123,0.553909122713209,0.552333436806542,0.518618184777952,0.60260098539369,0.568692606371045,0.519334170576872,0.493490923130667,0.577539499194647,0.544825424452538,0.603821504073712,0.595093678375511,0.556261419176984,0.615797695844771,0.600770965135797,0.622167746412772,0.573261496288361,0.522294429034384,0.58961230475246,0.510688487465931,0.586109930349338,0.570782657743324,0.60295681579412,0.575134155313421,0.600607861285952,0.624475470245865,0.62060817593606,0.51389548810467,0.536495635346637,0.544684344791383,0.602730546789755,0.587072670064973,0.523100905883359,0.530782915849837,0.598465618358374,0.612694795142026,0.554316319734851
"GP4-999",0.1089,0.2673,0.0099,0,0.4455,0.1683,0.610244429436363,0.587509091257849,0.637965369592634,0.626173346344616,0.552969552859691,0.61851487915651,0.600784305671409,0.696331824817491,0.622896482511907,0.603303984442827,0.61062679652319,0.633876165133936,0.584192135351476,0.622668437039394,0.541342420760384,0.626422088499635,0.623668038729193,0.581326761454493,0.672645381941832,0.637422284990174,0.583156922516473,0.561492407098833,0.650003428856151,0.615892243125616,0.673177430624876,0.66263135236893,0.617438437169069,0.686370236039234,0.672373102997305,0.690936528648031,0.644657758357084,0.593264226644165,0.66207210702767,0.578448382567325,0.656594024929038,0.643848714493428,0.675236805422996,0.64845057404253,0.671984987754166,0.694376694249281,0.691777800135109,0.581729588997057,0.599873945059511,0.616347692458404,0.673987359689858,0.657880402726129,0.592205201517991,0.600198324537845,0.67096097998441,0.684419304260963,0.621037604260343
"GP5-005",0.2574,0.198,0.0198,0.0396,0.1188,0.3663,0.507820481387586,0.481973054066284,0.551926971843294,0.517745407076251,0.451254766836438,0.507759083334268,0.489211813991521,0.640128175645441,0.525888597250127,0.502397646109957,0.502250225306931,0.545713964602885,0.471292274303653,0.523480961042261,0.423646600836132,0.51925613611235,0.528962118594843,0.477729872001721,0.596726767981977,0.5482166576447,0.478252401881696,0.43599641670445,0.558859897754767,0.51376552642327,0.60418091311116,0.591809074684778,0.521097707066184,0.612320114045655,0.593227559415755,0.615907396911534,0.55905733353531,0.48101827112297,0.572874213034406,0.462380632225599,0.570582878353258,0.551538348457226,0.592758456510504,0.554039475278939,0.590978655450079,0.621553722452916,0.61591413145313,0.468777721247661,0.497422819190543,0.514058200014289,0.594765575043874,0.580291056107323,0.480987386027431,0.493116030693144,0.593217495909128,0.607939912344336,0.521140999612592
"PNWMtn3-008",0.4554,0.0792,0,0,0,0.4653,0.376212804980182,0.388079992833782,0.40164814373196,0.371996156614686,0.368542136918015,0.364952465357653,0.359272105330312,0.442376624952836,0.397342847489975,0.401865134879173,0.367546256970481,0.409968727640113,0.358696723169014,0.376724767730562,0.345672648014585,0.37132800203589,0.382128390500293,0.387587106313173,0.412716425114932,0.408380325936815,0.386801155821858,0.343723194188475,0.402924293961049,0.381969774941431,0.427373171099825,0.426882588474804,0.418053211947938,0.428260455281267,0.415230250442367,0.442532122287812,0.404450882043817,0.360006442884817,0.400664825812065,0.366479698546257,0.420689990744489,0.389893984902651,0.419047233148259,0.395126250519441,0.424905972880496,0.435547901495102,0.430436807981908,0.369775520430818,0.405067944940629,0.380357471869364,0.428604034977318,0.417486143676122,0.367554753717277,0.373848687459843,0.417729459425529,0.421255667160392,0.398659180896974
"PNWMtn7-012",0.49,0.02,0,0,0.31,0.18,0.365983498187276,0.384746229763892,0.393686708811681,0.35387750470932,0.368278429203295,0.339630471954677,0.338760766310585,0.43974887374718,0.389807710434298,0.404100678196202,0.351676989136479,0.406428100757925,0.345035652531047,0.3614374512771,0.33779807726918,0.347652198820906,0.370200987245881,0.388556240448998,0.400808476341831,0.400639708880825,0.383152901064092,0.326015622078481,0.391503050404242,0.370136771834444,0.423886292432955,0.424866009918472,0.409947818273866,0.422909051263965,0.406169418856504,0.440878117715309,0.395546496560354,0.343940259579969,0.385290328469128,0.356676631004262,0.412863854465231,0.37400876862212,0.409190451484405,0.380527691422471,0.416566944583343,0.431351654249431,0.423647064899911,0.360916821651774,0.399333300925698,0.367993601569624,0.421086603757364,0.409707947666469,0.355325916865383,0.363143159866387,0.407430460438601,0.410276285150429,0.39001186065786
"RkyMtn4-015",0.3,0.12,0,0,0.01,0.57,0.444709538201691,0.428360849287483,0.474777435309736,0.457100836443201,0.397452652599997,0.451890949088649,0.430697023628734,0.543728382259237,0.451026950028131,0.442759906200809,0.442050495775344,0.468447131711301,0.413686185168809,0.454391474984858,0.365672582559275,0.460546512651542,0.453916929786912,0.408921041265491,0.511572361996138,0.476755024110885,0.425491567762827,0.389382593449234,0.487120331471396,0.449221404071621,0.514816359059088,0.504426264353567,0.468956193047216,0.529003605552229,0.51212553454456,0.535862262415464,0.482501934314213,0.422775850647029,0.50095119880121,0.411995650896606,0.498641773423357,0.478916150130084,0.51582985039064,0.484476231933071,0.51389345967329,0.539108037192978,0.535864049342553,0.415932377777162,0.445155754619727,0.449138720813086,0.517431485988761,0.498804755079841,0.424193857878164,0.433638048425149,0.512415452020061,0.528022641097743,0.462358080341302
"RkyMtn4-017",0.15,0.46,0,0,0.04,0.35,0.426126392812786,0.41417592073667,0.458353320997611,0.435718200473551,0.383017928070482,0.430226428690314,0.410322541287608,0.531281718759691,0.437643758955799,0.42831628332184,0.421731031330724,0.455171822930781,0.396291828391348,0.434385705514766,0.351884947319164,0.439345096750212,0.436047082931242,0.398529989657047,0.494311942718015,0.460906431397346,0.410727593606615,0.37226292135917,0.469149126562397,0.431879191419282,0.500172794715675,0.490307294697297,0.453492997992019,0.513406548640425,0.494418087414265,0.522918549138729,0.465299718193417,0.404250006864984,0.482963236443155,0.396111040806827,0.482752037930804,0.459313653997874,0.498739346279565,0.46494312655361,0.497889293250458,0.52525443674111,0.520213704038607,0.40028212038104,0.432543482415001,0.431537463678091,0.501896247959041,0.482641719382128,0.406815029533118,0.416867186400285,0.494934772611102,0.511103312383514,0.444602897221166
"RkyMtn4-999",0.47,0.12,0,0.02,0.1,0.29,0.431666353787124,0.425756885369651,0.469519865437365,0.436956528600581,0.393014171577466,0.417686312089957,0.404446719608039,0.546201158376965,0.454763872948746,0.44480927683299,0.421503011226476,0.473209144805903,0.397428706600569,0.434984673287382,0.356543516729039,0.429628592917011,0.441001103555071,0.415676819130843,0.500163618053145,0.479097032331007,0.422205280197128,0.366707228379282,0.480277641100992,0.438535014987179,0.517984430518377,0.51033040542682,0.470221868632867,0.534175861727024,0.510036595805339,0.551637809312729,0.478624968135586,0.403262433375063,0.487463099332805,0.401300531960111,0.50203496104343,0.462150416865103,0.513588908229572,0.470447941002526,0.516759663128598,0.546759854290255,0.537726730624382,0.406372467035026,0.445849703385356,0.437358759769854,0.521978705379955,0.49833980957202,0.411368326346603,0.423502576676062,0.507291302092803,0.520098111438001,0.458705888143035
"RkyMtn5-015",0.2929,0.303,0,0,0.2121,0.1919,0.439248413412414,0.431519657102859,0.470820926666071,0.447325792082937,0.400238477116311,0.440320974294094,0.421094861282886,0.53812511767149,0.449878245404824,0.446203881968914,0.433129129344604,0.467730375815032,0.409066006900044,0.445970909043648,0.368453280912476,0.449387617739485,0.446779615435816,0.415009563707646,0.503043634149046,0.474854501952038,0.429062966585248,0.385879657550485,0.479489119070789,0.443956157009894,0.510400112313644,0.50204873104254,0.468396897652664,0.519521360724267,0.503509292482167,0.527580782600107,0.477015470866111,0.415247764516783,0.490566122828329,0.410676108045826,0.493986451502762,0.470485145810634,0.506728966711275,0.475254135112911,0.506700902257214,0.530239052699623,0.525702064330631,0.415254201422789,0.447969972034149,0.443093396208827,0.510349245460924,0.494617030073147,0.419904689771543,0.429868988099199,0.504976514330732,0.517906476629321,0.458710191960462
"RkyMtn5-017",0.42,0.22,0,0,0.08,0.28,0.505463286530513,0.475277184200493,0.525622493838103,0.521903138050719,0.450492023209035,0.506869500014679,0.487121428991015,0.585765312120116,0.490187791545146,0.477220835168697,0.500949743113552,0.507285034033658,0.470696730159507,0.509856802783948,0.411484545441397,0.5155887122308,0.505872027278325,0.441693943074265,0.561165805314058,0.524986818794179,0.470240303854486,0.448246662803226,0.537566100638988,0.501473530503857,0.563616841145452,0.548476060463115,0.524906803589434,0.584254716781652,0.569737202612372,0.584317498736354,0.535347427553416,0.479166562531513,0.553533780297973,0.464412982095264,0.544428902587578,0.533235639317601,0.565316581822987,0.536823273754017,0.561985467706653,0.588043747232306,0.5850511761509,0.468270196781125,0.488533435129929,0.501846285456621,0.564587251244257,0.548442916103581,0.478674991926815,0.486001144684677,0.56368437413803,0.578113551318937,0.517855689035126
"RkyMtn5-999",0.19,0.45,0,0,0.11,0.25,0.526299398733782,0.497369451785002,0.557868989205564,0.552444109569883,0.455263859902086,0.554904691330118,0.527557777272214,0.633216201071631,0.53131254096763,0.509612412213509,0.533951098448743,0.546479001298326,0.500054059721107,0.547757269318847,0.432563588060788,0.562881792050413,0.543587895071487,0.47367626172287,0.606732693672978,0.55805771432538,0.492254624419603,0.475221339644537,0.576499984201074,0.535425422449101,0.601314607799778,0.585766223896637,0.5374088024517,0.619866528743636,0.603415208801834,0.625797012197756,0.566220103149365,0.513620924199565,0.600465244724365,0.490379639676005,0.582372466312717,0.574389323991178,0.608415519643046,0.578417965285001,0.603123176332961,0.63346079540073,0.629463636896883,0.493540515544757,0.515064755636167,0.536560101449877,0.606430399397643,0.583216800544456,0.508541350183763,0.517448976016569,0.602765911920943,0.622682723038073,0.538131828468862
"RkyMtn6-010",0.2121,0.1919,0,0,0.4949,0.101,0.428693178909897,0.416982543370578,0.463765785865305,0.43295041152877,0.387642860474709,0.420630719542876,0.404284741320921,0.530946831498959,0.439721981134824,0.435475408899498,0.41942239066182,0.461666014667544,0.39443964134538,0.432722524914522,0.353711781800218,0.430264111096085,0.435092574056816,0.406942945720119,0.489635118575645,0.465791866059575,0.414163099397716,0.366198659916321,0.467511498509582,0.431029063413857,0.50502194516919,0.498800441051741,0.462693547789541,0.512013032236959,0.494008671706296,0.523209999598745,0.470051831647701,0.399937470333223,0.475146741428049,0.393924222698679,0.485169819174169,0.455850570871428,0.49477255699807,0.460214733034313,0.497217352999167,0.521361284164028,0.514993718496455,0.398948175252019,0.435368208591196,0.430080397671621,0.501511495193692,0.488207151667953,0.405335705184759,0.417324424179306,0.492737993560042,0.503703404350046,0.450628928707142
"RkyMtn7-999",0.28,0.27,0,0,0.35,0.1,0.426399012871269,0.423144030377686,0.457195788371235,0.429742714368841,0.409200045426842,0.409150934970625,0.39636154230784,0.52649048649,0.435795633903365,0.440869583995601,0.414204474846176,0.456199112899649,0.392155114612193,0.425399059771425,0.371784914343614,0.419550851713102,0.429440139267909,0.419918819353707,0.4833760450054,0.463885439480776,0.421496178302605,0.367066619814483,0.464362137954171,0.427171876049508,0.502521982873601,0.495199381389296,0.470626196036866,0.515902857836852,0.492629049199444,0.531551355309064,0.464437024691275,0.395427541398696,0.470271661150516,0.397644018462215,0.485663069045922,0.447445318602645,0.494267229129934,0.455058095122397,0.497592163275823,0.525585309886774,0.517094072831575,0.402085726986791,0.43988194480209,0.425850891376533,0.502796670116376,0.482245399675718,0.403291063989344,0.413903989089895,0.488717400450211,0.500493517724513,0.452010290642045
"WYBas2-006",0.29,0.13,0,0.01,0,0.57,0.566391826643707,0.534432245346234,0.585507599241411,0.59343188839624,0.507148763878526,0.597875107130004,0.574111023912369,0.642686480411225,0.571959967133132,0.547303553794903,0.576547131876983,0.578726302133975,0.551905294448021,0.587957386726077,0.505653689669697,0.601962684149224,0.584889035386135,0.523659403625063,0.631713455961962,0.574757491108114,0.528489657185586,0.538351156257957,0.59627240063876,0.568586232227453,0.616028830873782,0.602880248708153,0.550453806135031,0.624761511742143,0.618593612996415,0.623081068045864,0.589884582235589,0.561226601609109,0.620059761435412,0.537346126795601,0.590844676904763,0.60472587136796,0.618827704530186,0.603641309135762,0.609260979482213,0.630572938686316,0.633525478829105,0.539788191250122,0.538137079534126,0.570438078228548,0.609940897397207,0.600192580217926,0.552573177940207,0.554846435387925,0.617092279951119,0.636472285965897,0.561450841778984
"WYBas3-014",0.1212,0.2222,0,0,0.0505,0.6061,0.511157477454316,0.4946962485468,0.540217097214626,0.528449809675981,0.465715375105063,0.529687531267912,0.510561780857282,0.604356220978053,0.528926113065428,0.512206412848485,0.514998918365178,0.539415444705011,0.493967650259949,0.529004148410531,0.459840669714731,0.53616505066049,0.530312575948988,0.496015267138522,0.580784453120516,0.537189670666345,0.491237171007267,0.476160391836856,0.549476612874253,0.517910366346658,0.577689476999067,0.567556459849241,0.515323218817316,0.583796651309935,0.572063934133532,0.588862609044162,0.545308788709115,0.501723316601823,0.56502298629806,0.485931314577732,0.55417851860674,0.548477940373177,0.574480020326096,0.550019842539363,0.570417639793515,0.592836453839166,0.591186255074373,0.489203632336959,0.504608597101732,0.518670313577482,0.572097154188671,0.559757216794358,0.49838522251369,0.503813049818875,0.572152010436816,0.587335779510733,0.518281624331331
"WYBas3-999",0.35,0.16,0,0,0.06,0.43,0.530294942392923,0.509222072935446,0.55996671529346,0.550339211266373,0.480550541927177,0.546108487460879,0.52637686432249,0.627879295746057,0.544889970197363,0.526728314132379,0.53374253154599,0.557418848566581,0.507944446277711,0.547587442337871,0.467391920089448,0.55385933172615,0.547864125779035,0.504077739311289,0.602381607201876,0.556925994878593,0.505409702163531,0.487293892298666,0.569913826946893,0.53519307892204,0.599664311966671,0.588755425699238,0.537617797413737,0.608907076911055,0.595840655888616,0.61333394714843,0.566116346173455,0.516695374780008,0.586088297610071,0.499212848281189,0.575656730753438,0.568388179811486,0.598562222397755,0.57073871156792,0.592899712145972,0.617168587428756,0.616840064958315,0.502869012112059,0.520319948372361,0.535942789976534,0.595118368760727,0.580788088700475,0.513256753006683,0.519623694814837,0.59484231855985,0.611444289402254,0.539234118574971
"WYBas4-010",0.1683,0.5248,0,0,0.0594,0.2475,0.448996037702328,0.43353211351897,0.483804457900176,0.458255114954201,0.398990216546943,0.451860940630242,0.435098101025331,0.556365613414126,0.469140654277773,0.452043540741156,0.445830520603221,0.484778117256267,0.423503185525237,0.460987470782203,0.377703761279224,0.460770779187722,0.464923512181889,0.422597423030621,0.519479813054303,0.483202011830233,0.429114446260507,0.398548143671404,0.492139278635802,0.456382564982236,0.525686013700203,0.517008571165446,0.468120296514801,0.533737877341687,0.516499453773233,0.541791490950241,0.48944835204373,0.430472357008481,0.502303080453059,0.419643345632347,0.504407730573341,0.483769000840989,0.52026249482519,0.488278548358561,0.519635309269586,0.544375931183945,0.540204691542475,0.423722479269508,0.448782666533467,0.456052909395885,0.523651564399137,0.506726254368495,0.432751040415027,0.440960678176952,0.517631190320915,0.530273266740733,0.465390332430124
"WYBas4-019",0.21,0.32,0,0.07,0.06,0.34,0.408733848975608,0.408763029247168,0.438169654670215,0.407986665047666,0.38637128370816,0.398517242333564,0.389193626569696,0.494671181192945,0.428793139567919,0.426374039959122,0.399584111382838,0.443980981678812,0.383326604126564,0.410941558891942,0.362652879035393,0.406129021399427,0.41775732047196,0.410385351160189,0.459487183891089,0.442946441705176,0.406855948403399,0.362154396679334,0.440529687311861,0.413027343917836,0.471783875222883,0.469004601142427,0.446890208703616,0.47304295843178,0.458323338651599,0.484694993265261,0.442427772127165,0.387580234628932,0.442607688061293,0.386681793181402,0.457485484232227,0.428084648126494,0.461181543856844,0.432853719663889,0.465373647364895,0.481402034601512,0.47660697020067,0.390613931461282,0.426092616745264,0.411752511579986,0.468847741168199,0.457452232794449,0.393087146301933,0.4015886117147,0.45954031763404,0.467358113727204,0.431398211018327
"WYBas4-999",0.3564,0.1188,0,0,0.0198,0.505,0.617318583098784,0.576773266051767,0.636073905361505,0.644856918906749,0.554613309067177,0.632543172478371,0.607437737329738,0.702712526002301,0.605100698726955,0.585849545888601,0.619432012974377,0.619351856212074,0.584363842530469,0.629901694916993,0.531090331835588,0.640118891616674,0.625481097232969,0.553967608773349,0.684911350683751,0.62807641258328,0.570676020741408,0.562905407915624,0.649837581240358,0.612417867549698,0.674454693636954,0.657724244879606,0.617782105524448,0.694832827320137,0.682541759721994,0.690290490744182,0.644513797577506,0.59521866782215,0.672511487802548,0.57226756554047,0.649822548132912,0.652776090772099,0.679083463455703,0.654070415123548,0.67000060697025,0.698104492793918,0.699168362145056,0.576230444760763,0.584922147071084,0.613765203186116,0.67215401521116,0.65640750556755,0.589332932284685,0.594713590453468,0.676123382267555,0.697096198904589,0.62012538269033
"WYBas5-020",0.32,0.07,0,0,0.12,0.49,0.463599206455826,0.444228514157756,0.49624035804045,0.473183330441609,0.413670797507395,0.460290997345564,0.443036330084771,0.569303515945871,0.476814132416404,0.460268776380052,0.457040325334367,0.493517796926441,0.431435772390516,0.471150102339089,0.381487995532834,0.470253723292203,0.474140851896199,0.428996874773874,0.53225579923553,0.495351884669788,0.439326629935528,0.405877249006331,0.505365623464123,0.466579484198006,0.539977756698953,0.529046847430652,0.483537060224065,0.551259023482328,0.533701156754052,0.555318552812514,0.503482482065985,0.43756982271171,0.515359501590479,0.429742243582437,0.517075204185652,0.495414051241344,0.534052309290252,0.500244846091036,0.53316268047211,0.558211542930666,0.554415443160232,0.434473347008021,0.459210010545178,0.466254719746438,0.536284065969538,0.520864021210181,0.441464798652909,0.451019504691683,0.53204824951049,0.545320509054279,0.479680170673667
"WYBas5-999",0.3,0.39,0,0.04,0.04,0.23,0.411426570956956,0.413472811858799,0.443411893374148,0.40848804739037,0.390608583518976,0.39212992133226,0.382972522191263,0.505193489403821,0.430656748336413,0.431938458963338,0.398256411141372,0.448327348557562,0.380252197949205,0.410441501655571,0.359188452851236,0.401960351957221,0.417377904256579,0.413599719364665,0.464407132399664,0.449317217594867,0.411822086766931,0.354416858073416,0.445668048890463,0.41506129938381,0.479716984831703,0.476108722755255,0.449106148342416,0.484826994077173,0.46699437522445,0.495906476586408,0.448342856353749,0.383143844381506,0.446540055774435,0.387072372601124,0.464930936355517,0.430752614922142,0.469099548035371,0.436530094585297,0.473443108413083,0.493145037966267,0.486604692375051,0.392163670961243,0.430641355738567,0.413422316446805,0.477475845427115,0.464745378818148,0.392175193791648,0.402787739619755,0.468327391996071,0.475990865205081,0.434984366799239
"WYBas6-007",0.4,0.33,0,0.02,0.13,0.12,0.40436114210382,0.406823801913858,0.436908863719622,0.39888829217407,0.386050934261879,0.379267778026066,0.371369819045773,0.49503269469481,0.422049504497204,0.426297153641554,0.388596215556277,0.442113738223519,0.371729934864532,0.40053662817877,0.353252329079528,0.389380914967936,0.407701389511923,0.409768121310847,0.452820471471126,0.44253880082961,0.40566286410851,0.343716990480406,0.436905761273254,0.40667115565725,0.472225628742897,0.470271060590788,0.444445204313083,0.472034633579801,0.456331145454613,0.483920347062528,0.442010051671091,0.373502615281678,0.435445320674982,0.378513274233288,0.456820198879143,0.42086282773974,0.457930770720263,0.426242541699043,0.463744396387106,0.480212348549183,0.47400051880173,0.383803156908556,0.424157685972641,0.404705359597707,0.468017722135686,0.458683368755787,0.383937084499774,0.39566796841991,0.45800868796358,0.46328666222611,0.42955660827351
"WYBasX-001",0.1919,0.1818,0.101,0,0.0707,0.4545,0.60624136027361,0.577916911758937,0.626680222573842,0.621621267941001,0.561173087579184,0.60416029986379,0.585769040461468,0.687630891248215,0.60112549292617,0.589506985729893,0.600650907474389,0.616891583964319,0.57134383245786,0.609778103074319,0.529983071708658,0.612308641636546,0.609572902664465,0.562353282385927,0.661638297206941,0.628083594592035,0.574842803493704,0.548126000935595,0.636682660030315,0.602038336224409,0.665002388661852,0.653763737150194,0.622472101035345,0.682853259342288,0.666874257966399,0.684290900539037,0.635520515163217,0.579207791511315,0.64994905035543,0.565943793687247,0.645337969608671,0.63113025721117,0.664071344680291,0.634607741961063,0.661463830558,0.686196886412593,0.682558267457863,0.569801210812538,0.590408568288705,0.602227746927216,0.663841985077556,0.648663650000984,0.578643623205579,0.587176637517498,0.660902660206606,0.675297092689544,0.618562882899265
